col_idx,master_ccl_id,achilles_name,priority_name
1,135853,"ACH-000001","NIHOVCAR3"
2,371,"ACH-000002","HL60"
3,107,"ACH-000003","CACO2"
4,362,"ACH-000004","HEL"
5,363,"ACH-000005","HEL9217"
6,702,"ACH-000006","MONOMAC6"
7,632,"ACH-000007","LS513"
8,23,"ACH-000008","A101D"
9,102,"ACH-000009","C2BBE1"
10,155486,"ACH-000010","NCIH2077"
11,8,"ACH-000011","253J"
12,340,"ACH-000012","HCC827"
13,898,"ACH-000013","ONCODG1"
14,395,"ACH-000014","HS294T"
15,155425,"ACH-000015","NCIH1581"
16,1065,"ACH-000016","SLR21"
17,1033,"ACH-000017","SKBR3"
18,1172,"ACH-000018","T24"
19,646,"ACH-000019","MCF7"
20,674,"ACH-000020","MHHCALL2"
21,155439,"ACH-000021","NCIH1693"
22,929,"ACH-000022","PATU8988S"
23,930,"ACH-000023","PATU8988T"
24,901,"ACH-000024","OPM2"
25,140,"ACH-000025","CH157MN"
26,9,"ACH-000026","253JBV"
27,281,"ACH-000027","GOS3"
28,569,"ACH-000028","KPL1"
29,341,"ACH-000029","HCC827GR5"
30,931,"ACH-000030","PC14"
31,921,"ACH-000031","PANC0213"
32,675,"ACH-000032","MHHCALL3"
33,155452,"ACH-000033","NCIH1819"
34,949,"ACH-000034","PLB985"
35,155434,"ACH-000035","NCIH1650"
36,1227,"ACH-000036","U343"
37,1002,"ACH-000037","S117"
38,239,"ACH-000038","EHEB"
39,1056,"ACH-000039","SKNMC"
40,1218,"ACH-000040","U118MG"
41,963,"ACH-000041","RDES"
42,920,"ACH-000042","PANC0203"
43,434,"ACH-000043","HS895T"
44,647,"ACH-000044","MDAMB134VI"
45,710,"ACH-000045","MV411"
46,43,"ACH-000046","ACHN"
47,270,"ACH-000047","GCIY"
48,1208,"ACH-000048","TOV112D"
49,361,"ACH-000049","HEKTE"
50,128013,"ACH-000050","NCIH929"
51,1195,"ACH-000051","TE617T"
52,37,"ACH-000052","A673"
53,515,"ACH-000053","KARPAS299"
54,446,"ACH-000054","HT1080"
55,193,"ACH-000055","D283MED"
56,222,"ACH-000056","DOHH2"
57,900,"ACH-000057","OPM1"
58,686,"ACH-000058","ML1"
59,1146,"ACH-000059","SUPB15"
60,927,"ACH-000060","PANC1005"
61,369,"ACH-000061","HH"
62,971,"ACH-000062","RERFLCMS"
63,406,"ACH-000063","HS616T"
64,1003,"ACH-000064","SALE"
65,886,"ACH-000065","OCIAML5"
66,331,"ACH-000066","HCC4006"
67,409,"ACH-000067","HS683"
68,964,"ACH-000068","REC1"
69,405,"ACH-000069","HS611T"
70,1,"ACH-000070","697"
71,413,"ACH-000071","HS706T"
72,665,"ACH-000072","MEG01"
73,283,"ACH-000073","GRANTA519"
74,576,"ACH-000074","KU812"
75,1230,"ACH-000075","U87MG"
76,851,"ACH-000076","NCO2"
77,681,"ACH-000077","MJ"
78,678,"ACH-000078","MHHNB11"
79,1187,"ACH-000079","TE125T"
80,58,"ACH-000080","BDCM"
81,272,"ACH-000081","GDM1"
82,262,"ACH-000082","G292CLONEA141B1"
83,394,"ACH-000083","HS281T"
84,708,"ACH-000084","MUTZ3"
85,1174,"ACH-000085","T3M4"
86,41,"ACH-000086","ACCMESO1"
87,1035,"ACH-000087","SKES1"
88,388,"ACH-000088","HS172T"
89,155345,"ACH-000089","NCIH684"
90,932,"ACH-000090","PC3"
91,905,"ACH-000091","OV56"
92,155520,"ACH-000092","NCIH2452"
93,924,"ACH-000093","PANC0504"
94,385,"ACH-000094","HPAFII"
95,195,"ACH-000095","D341MED"
96,264,"ACH-000096","G401"
97,1285,"ACH-000097","ZR751"
98,268,"ACH-000098","GAMG"
99,1030,"ACH-000099","SIMA"
100,976,"ACH-000100","RH41"
101,525,"ACH-000101","KE37"
102,280,"ACH-000102","GMS10"
103,127,"ACH-000103","CAOV4"
104,620,"ACH-000104","LOUCY"
105,46,"ACH-000105","ALLSIL"
106,510,"ACH-000106","JVM2"
107,129,"ACH-000107","CAPAN2"
108,567,"ACH-000108","KP3"
109,155524,"ACH-000109","NCIH3255"
110,723,"ACH-000110","NCCSTCK140"
111,297,"ACH-000111","HCC1187"
112,1028,"ACH-000112","SIGM5"
113,884,"ACH-000113","OCIAML2"
114,1138,"ACH-000114","SU8686"
115,1249,"ACH-000115","VCAP"
116,879,"ACH-000116","OAW28"
117,236,"ACH-000117","EFM192A"
118,462,"ACH-000118","HUPT3"
119,429,"ACH-000119","HS863T"
120,144,"ACH-000120","CHP212"
121,155518,"ACH-000121","NCIH2405"
122,1150,"ACH-000122","SUPT11"
123,186,"ACH-000123","COV434"
124,888,"ACH-000124","OCILY19"
125,1205,"ACH-000125","TO175T"
126,530,"ACH-000126","KG1C"
127,1064,"ACH-000127","SLR20"
128,608,"ACH-000128","LN319"
129,155400,"ACH-000129","NCIH1341"
130,717,"ACH-000130","NALM19"
131,390,"ACH-000131","HS229T"
132,495,"ACH-000132","JHOS2"
133,414,"ACH-000133","HS729"
134,393,"ACH-000134","HS274T"
135,439,"ACH-000135","HS940T"
136,143,"ACH-000136","CHP126"
137,22,"ACH-000137","8MGBA"
138,138,"ACH-000138","CFPAC1"
139,922,"ACH-000139","PANC0327"
140,943,"ACH-000140","PFEIFFER"
141,1097,"ACH-000141","SNU308"
142,115,"ACH-000142","CAL29"
143,321,"ACH-000143","HCC2429"
144,966,"ACH-000144","RERFGC1B"
145,1037,"ACH-000145","SKLMS1"
146,1201,"ACH-000146","THP1"
147,1175,"ACH-000147","T47D"
148,400,"ACH-000148","HS578T"
149,1058,"ACH-000149","SKNSH"
150,324,"ACH-000150","HCC2935"
151,505,"ACH-000151","JM1"
152,638,"ACH-000152","M059K"
153,155481,"ACH-000153","NCIH2052"
154,432,"ACH-000154","HS888T"
155,1160,"ACH-000155","SW1990"
156,676,"ACH-000156","MHHCALL4"
157,34,"ACH-000157","A4FUK"
158,889,"ACH-000158","OCILY3"
159,902,"ACH-000159","OSRC2"
160,155820,"ACH-000160","BT12"
161,174,"ACH-000161","CORL105"
162,266,"ACH-000162","GA10"
163,1165,"ACH-000163","SW579"
164,926,"ACH-000164","PANC1"
165,420,"ACH-000165","HS751T"
166,521,"ACH-000166","KASUMI6"
167,527,"ACH-000167","KE97"
168,858,"ACH-000168","NOMO1"
169,961,"ACH-000169","RD"
170,951,"ACH-000170","PRECLH"
171,1254,"ACH-000171","VMRCRCZ"
172,155838,"ACH-000172","TM87"
173,499,"ACH-000173","JHUEM3"
174,119,"ACH-000174","CAL62"
175,1190,"ACH-000175","TE159T"
176,621,"ACH-000176","LOUNH91"
177,155341,"ACH-000177","NCIH660"
178,421,"ACH-000178","HS766T"
179,155429,"ACH-000179","NCIH1618"
180,426,"ACH-000180","HS839T"
181,1010,"ACH-000181","SCC9"
182,1126,"ACH-000182","SNU869"
183,592,"ACH-000183","L363"
184,396,"ACH-000184","HS343T"
185,415,"ACH-000185","HS737T"
186,155519,"ACH-000186","NCIH2444"
187,179,"ACH-000187","CORL311"
188,1008,"ACH-000188","SCC25"
189,956,"ACH-000189","RCC10RGB"
190,348,"ACH-000190","HDMYZ"
191,64,"ACH-000191","BHT101"
192,670,"ACH-000192","MFE280"
193,517,"ACH-000193","KARPAS620"
194,436,"ACH-000194","HS934T"
195,1014,"ACH-000195","SET2"
196,308,"ACH-000196","HCC1599"
197,1178,"ACH-000197","TALL1"
198,244,"ACH-000198","EOL1"
199,391,"ACH-000199","HS255T"
200,855,"ACH-000200","NMCG1"
201,26,"ACH-000201","A204"
202,157,"ACH-000202","COLO320"
203,852,"ACH-000203","NH6"
204,624,"ACH-000204","LP1"
205,946,"ACH-000205","PK59"
206,105,"ACH-000206","C8166"
207,208,"ACH-000207","DETROIT562"
208,1221,"ACH-000208","U178"
209,1082,"ACH-000209","SNU1079"
210,108,"ACH-000210","CADOES1"
211,202,"ACH-000211","DAOY"
212,111,"ACH-000212","CAL120"
213,463,"ACH-000213","HUPT4"
214,408,"ACH-000214","HS675T"
215,610,"ACH-000215","LN382"
216,485,"ACH-000216","JHESOAD1"
217,490,"ACH-000217","JHH6"
218,947,"ACH-000218","PL21"
219,30,"ACH-000219","A375"
220,680,"ACH-000220","MINO"
221,1101,"ACH-000221","SNU398"
222,52,"ACH-000222","ASPC1"
223,313,"ACH-000223","HCC1937"
224,422,"ACH-000224","HS819T"
225,232,"ACH-000225","ECC12"
226,1148,"ACH-000226","SUPM2"
227,572,"ACH-000227","KPNYN"
228,69,"ACH-000228","BICR31"
229,424,"ACH-000229","HS822T"
230,417,"ACH-000230","HS742T"
231,514,"ACH-000231","KALS1"
232,1223,"ACH-000232","U251MG"
233,206,"ACH-000233","DEL"
234,110,"ACH-000234","CAKI2"
235,923,"ACH-000235","PANC0403"
236,1155,"ACH-000236","SW1417"
237,493,"ACH-000237","JHOM1"
238,1009,"ACH-000238","SCC4"
239,456,"ACH-000239","HUG1N"
240,402,"ACH-000240","HS600T"
241,503,"ACH-000241","JK1"
242,999,"ACH-000242","RT4"
243,201,"ACH-000243","DANG"
244,211,"ACH-000244","DKMG"
245,74,"ACH-000245","BL41"
246,1066,"ACH-000246","SLR23"
247,893,"ACH-000247","OCUM1"
248,53,"ACH-000248","AU565"
249,147,"ACH-000249","CL11"
250,542,"ACH-000250","KMRC20"
251,155522,"ACH-000251","NCIH2887"
252,626,"ACH-000252","LS1034"
253,155,"ACH-000253","COLO201"
254,1007,"ACH-000254","SCC15"
255,603,"ACH-000255","LMSU"
256,184,"ACH-000256","COV318"
257,178,"ACH-000257","CORL279"
258,226,"ACH-000258","DU4475"
259,528,"ACH-000259","KELLY"
260,1051,"ACH-000260","SKNAS"
261,969,"ACH-000261","RERFLCAI"
262,1246,"ACH-000262","UOK101"
263,518,"ACH-000263","KASUMI1"
264,124,"ACH-000264","CALU6"
265,568,"ACH-000265","KP4"
266,1093,"ACH-000266","SNU213"
267,347,"ACH-000267","HDLM2"
268,1095,"ACH-000268","SNU245"
269,47,"ACH-000269","AM38"
270,384,"ACH-000270","HPAC"
271,1140,"ACH-000271","SUDHL10"
272,1067,"ACH-000272","SLR24"
273,1019,"ACH-000273","SF539"
274,428,"ACH-000274","HS852T"
275,425,"ACH-000275","HS834T"
276,330,"ACH-000276","HCC38"
277,301,"ACH-000277","HCC1419"
278,185,"ACH-000278","COV362"
279,251,"ACH-000279","EWS502"
280,1125,"ACH-000280","SNU840"
281,566,"ACH-000281","KP2"
282,127984,"ACH-000282","NCIH1755"
283,24,"ACH-000283","A1207"
284,427,"ACH-000284","HS840T"
285,1206,"ACH-000285","TOLEDO"
286,1076,"ACH-000286","SNU1033"
287,875,"ACH-000287","NUDUL1"
288,99,"ACH-000288","BT549"
289,1107,"ACH-000289","SNU466"
290,127989,"ACH-000290","NCIH209"
291,907,"ACH-000291","OV90"
292,155366,"ACH-000292","NCIH841"
293,534,"ACH-000293","KLE"
294,721,"ACH-000294","NB4"
295,242,"ACH-000295","EM2"
296,903,"ACH-000296","OUMS23"
297,155371,"ACH-000297","NCIH889"
298,155479,"ACH-000298","NCIH2029"
299,380,"ACH-000299","HNT34"
300,1068,"ACH-000300","SLR25"
301,595,"ACH-000301","LAMA84"
302,1081,"ACH-000302","SNU1077"
303,1111,"ACH-000303","SNU5"
304,1255,"ACH-000304","WM115"
305,233,"ACH-000305","ECGI10"
306,410,"ACH-000306","HS688AT"
307,944,"ACH-000307","PK1"
308,237,"ACH-000308","EFO21"
309,1038,"ACH-000309","SKLU1"
310,475,"ACH-000310","IMR32"
311,127990,"ACH-000311","NCIH2122"
312,1052,"ACH-000312","SKNBE2"
313,543,"ACH-000313","KMRC3"
314,316,"ACH-000314","HCC2108"
315,516,"ACH-000315","KARPAS422"
316,1128,"ACH-000316","SNU886"
317,1214,"ACH-000317","TUHR14TKB"
318,1185,"ACH-000318","TE10"
319,705,"ACH-000319","MPP89"
320,952,"ACH-000320","PSN1"
321,694,"ACH-000321","MOLM6"
322,450,"ACH-000322","HT144"
323,10,"ACH-000323","42MGBA"
324,492,"ACH-000324","JHOC5"
325,1116,"ACH-000325","SNU620"
326,509,"ACH-000326","JURLMK1"
327,127978,"ACH-000327","NCIH1395"
328,605,"ACH-000328","LN215"
329,131,"ACH-000329","CCFSTTG1"
330,235,"ACH-000330","EFM19"
331,481,"ACH-000331","ISTMES2"
332,1277,"ACH-000332","YAPC"
333,494,"ACH-000333","JHOM2B"
334,204,"ACH-000334","DB"
335,706,"ACH-000335","MSTO211H"
336,885,"ACH-000336","OCIAML3"
337,155523,"ACH-000337","NCIH3122"
338,1136,"ACH-000338","SR786"
339,335,"ACH-000339","HCC461"
340,430,"ACH-000340","HS870T"
341,1055,"ACH-000341","SKNFI"
342,148,"ACH-000342","CL14"
343,155325,"ACH-000343","NCIH522"
344,1118,"ACH-000344","SNU668"
345,570,"ACH-000345","KPNRTBM1"
346,511,"ACH-000346","JVM3"
347,954,"ACH-000347","QGP1"
348,991,"ACH-000348","RPMI7951"
349,305,"ACH-000349","HCC1500"
350,160,"ACH-000350","COLO678"
351,682,"ACH-000351","MKN1"
352,302,"ACH-000352","HCC1428"
353,1189,"ACH-000353","TE15"
354,128,"ACH-000354","CAPAN1"
355,155288,"ACH-000355","NCIH82"
356,683,"ACH-000356","MKN45"
357,484,"ACH-000357","JEKO1"
358,128006,"ACH-000358","NCIH69"
359,673,"ACH-000359","MG63"
360,128003,"ACH-000360","NCIH508"
361,1036,"ACH-000361","SKHEP1"
362,692,"ACH-000362","MOLM13"
363,1050,"ACH-000363","SKMM2"
364,1226,"ACH-000364","U2OS"
365,1141,"ACH-000365","SUDHL4"
366,1053,"ACH-000366","SKNDZ"
367,155297,"ACH-000367","NCIH226"
368,1083,"ACH-000368","SNU1105"
369,693,"ACH-000369","MOLM16"
370,1117,"ACH-000370","SNU626"
371,980,"ACH-000371","RL"
372,917,"ACH-000372","P12ICHIKAWA"
373,1039,"ACH-000373","SKM1"
374,295,"ACH-000374","HCC1143"
375,265,"ACH-000375","G402"
376,1018,"ACH-000376","SF295"
377,1109,"ACH-000377","SNU478"
378,155339,"ACH-000378","NCIH647"
379,155448,"ACH-000379","NCIH1781"
380,546,"ACH-000380","KMS12BM"
381,1176,"ACH-000381","T84"
382,176,"ACH-000382","CORL24"
383,896,"ACH-000383","OE33"
384,1167,"ACH-000384","SW780"
385,1060,"ACH-000385","SKRC20"
386,529,"ACH-000386","KG1"
387,1199,"ACH-000387","TF1"
388,874,"ACH-000388","NUDHL1"
389,291,"ACH-000389","H4"
390,635,"ACH-000390","LUDLU1"
391,677,"ACH-000391","MHHES1"
392,123,"ACH-000392","CALU3"
393,374,"ACH-000393","HLF"
394,155487,"ACH-000394","NCIH2081"
395,155324,"ACH-000395","NCIH520"
396,482,"ACH-000396","J82"
397,1198,"ACH-000397","TEN"
398,977,"ACH-000398","RI1"
399,155502,"ACH-000399","NCIH2196"
400,1034,"ACH-000400","SKCO1"
401,170,"ACH-000401","COLO800"
402,75,"ACH-000402","BL70"
403,155356,"ACH-000403","NCIH747"
404,512,"ACH-000404","K029AX"
405,663,"ACH-000405","MEC1"
406,1231,"ACH-000406","U937"
407,1119,"ACH-000407","SNU685"
408,1193,"ACH-000408","TE5"
409,915,"ACH-000409","OVSAHO"
410,1004,"ACH-000410","SAOS2"
411,16,"ACH-000411","769P"
412,1086,"ACH-000412","SNU1197"
413,416,"ACH-000413","HS739T"
414,155467,"ACH-000414","NCIH1944"
415,71,"ACH-000415","BICR6"
416,155365,"ACH-000416","NCIH838"
417,925,"ACH-000417","PANC0813"
418,1154,"ACH-000418","SW1353"
419,553,"ACH-000419","KMS28BM"
420,1105,"ACH-000420","SNU449"
421,1168,"ACH-000421","SW837"
422,1108,"ACH-000422","SNU475"
423,1044,"ACH-000423","SKMEL3"
424,1180,"ACH-000424","TC71"
425,1233,"ACH-000425","UACC62"
426,549,"ACH-000426","KMS20"
427,134841,"ACH-000427","NCIN87"
428,1245,"ACH-000428","UO31"
429,39,"ACH-000429","A704"
430,1217,"ACH-000430","TYKNU"
431,155440,"ACH-000431","NCIH1694"
432,100,"ACH-000432","BV173"
433,109,"ACH-000433","CAKI1"
434,155463,"ACH-000434","NCIH1915"
435,234,"ACH-000435","EFE184"
436,892,"ACH-000436","OCIMY7"
437,1151,"ACH-000437","SW1088"
438,633,"ACH-000438","LU65"
439,662,"ACH-000439","ME1"
440,106,"ACH-000440","CA46"
441,1025,"ACH-000441","SH4"
442,972,"ACH-000442","RERFLCSQ1"
443,913,"ACH-000443","OVKATE"
444,634,"ACH-000444","LU99"
445,557,"ACH-000445","KNS60"
446,571,"ACH-000446","KPNSI9S"
447,155505,"ACH-000447","NCIH2228"
448,127983,"ACH-000448","NCIH1666"
449,668,"ACH-000449","MESSA"
450,666,"ACH-000450","MELHO"
451,155488,"ACH-000451","NCIH2085"
452,1196,"ACH-000452","TE8"
453,695,"ACH-000453","MOLP2"
454,342,"ACH-000454","HCC95"
455,613,"ACH-000455","LN428"
456,57,"ACH-000456","BCPAP"
457,118,"ACH-000457","CAL54"
458,146,"ACH-000458","CJM"
459,1213,"ACH-000459","TUHR10TKB"
460,1123,"ACH-000460","SNU8"
461,1085,"ACH-000461","SNU1196"
462,716,"ACH-000462","NALM1"
463,128001,"ACH-000463","NCIH460"
464,130,"ACH-000464","CAS1"
465,1040,"ACH-000465","SKMEL1"
466,1094,"ACH-000466","SNU216"
467,337,"ACH-000467","HCC56"
468,945,"ACH-000468","PK45H"
469,1282,"ACH-000469","YH13"
470,1156,"ACH-000470","SW1463"
471,601,"ACH-000471","LI7"
472,441,"ACH-000472","HSC2"
473,997,"ACH-000473","RT112"
474,NaN,,
475,457,"ACH-000475","HUH1"
476,488,"ACH-000476","JHH4"
477,641,"ACH-000477","MALME3M"
478,1100,"ACH-000478","SNU387"
479,559,"ACH-000479","KNS81"
480,460,"ACH-000480","HUH7"
481,155498,"ACH-000481","NCIH2170"
482,970,"ACH-000482","RERFLCKJ"
483,1091,"ACH-000483","SNU182"
484,1253,"ACH-000484","VMRCRCW"
485,286,"ACH-000485","GSU"
486,575,"ACH-000486","KU1919"
487,253,"ACH-000487","F36P"
488,1186,"ACH-000488","TE11"
489,1152,"ACH-000489","SW1116"
490,1021,"ACH-000490","SF767"
491,155348,"ACH-000491","NCIH716"
492,709,"ACH-000492","MUTZ5"
493,1104,"ACH-000493","SNU423"
494,897,"ACH-000494","OELE"
495,1216,"ACH-000495","TUHR4TKB"
496,155450,"ACH-000496","NCIH1792"
497,NaN,,
498,561,"ACH-000498","KO52"
499,250,"ACH-000499","EW8"
500,1106,"ACH-000500","SNU46"
501,627,"ACH-000501","LS123"
502,1182,"ACH-000502","TCCPAN2"
503,66,"ACH-000503","BICR16"
504,1073,"ACH-000504","SNB75"
505,978,"ACH-000505","RKN"
506,155292,"ACH-000506","NCIH146"
507,526,"ACH-000507","KE39"
508,182,"ACH-000508","CORL88"
509,465,"ACH-000509","HUT78"
510,155395,"ACH-000510","NCIH1299"
511,122,"ACH-000511","CALU1"
512,476,"ACH-000512","INA6"
513,1088,"ACH-000513","SNU1272"
514,155385,"ACH-000514","NCIH1092"
515,326,"ACH-000515","HCC33"
516,120,"ACH-000516","CAL78"
517,1103,"ACH-000517","SNU410"
518,116,"ACH-000518","CAL33"
519,941,"ACH-000519","PEER"
520,13,"ACH-000520","59M"
521,155480,"ACH-000521","NCIH2030"
522,1244,"ACH-000522","UMUC3"
523,155390,"ACH-000523","NCIH1184"
524,577,"ACH-000524","KURAMOCHI"
525,155499,"ACH-000525","NCIH2171"
526,423,"ACH-000526","HS821T"
527,911,"ACH-000527","OVISE"
528,40,"ACH-000528","ABC1"
529,1171,"ACH-000529","T173"
530,215,"ACH-000530","DMS114"
531,996,"ACH-000531","RS5"
532,1115,"ACH-000532","SNU61"
533,155831,"ACH-000533","NCIH2004RT"
534,1274,"ACH-000534","WSUDLCL2"
535,101,"ACH-000535","BXPC3"
536,90,"ACH-000536","BT20"
537,1122,"ACH-000537","SNU761"
538,466,"ACH-000538","HUTU80"
539,407,"ACH-000539","HS618T"
540,404,"ACH-000540","HS606T"
541,555,"ACH-000541","KMS34"
542,367,"ACH-000542","HEYA8"
543,1110,"ACH-000543","SNU489"
544,895,"ACH-000544","OE21"
545,1250,"ACH-000545","VMCUB1"
546,443,"ACH-000546","HSC4"
547,448,"ACH-000547","HT1197"
548,65,"ACH-000548","BHY"
549,1080,"ACH-000549","SNU1076"
550,472,"ACH-000550","IGR39"
551,513,"ACH-000551","K562"
552,451,"ACH-000552","HT29"
553,1135,"ACH-000553","SQ1"
554,1235,"ACH-000554","UACC893"
555,33,"ACH-000555","A498"
556,1029,"ACH-000556","SIHA"
557,48,"ACH-000557","AML193"
558,25,"ACH-000558","A172"
559,155454,"ACH-000559","NCIH1836"
560,231,"ACH-000560","ECC10"
561,1211,"ACH-000561","TTOESOPHAGUS"
562,339,"ACH-000562","HCC78"
563,230,"ACH-000563","EBC1"
564,531,"ACH-000564","KHM1B"
565,960,"ACH-000565","RCM1"
566,1158,"ACH-000566","SW1710"
567,1137,"ACH-000567","ST486"
568,1234,"ACH-000568","UACC812"
569,480,"ACH-000569","ISTMES1"
570,1283,"ACH-000570","YKG1"
571,1177,"ACH-000571","T98G"
572,263,"ACH-000572","G361"
573,656,"ACH-000573","MDAMB436"
574,261,"ACH-000574","FUOV1"
575,327,"ACH-000575","HCC364"
576,552,"ACH-000576","KMS27"
577,487,"ACH-000577","JHH2"
578,296,"ACH-000578","HCC1171"
579,1232,"ACH-000579","UACC257"
580,103,"ACH-000580","C32"
581,1089,"ACH-000581","SNU16"
582,166,"ACH-000582","COLO741"
583,643,"ACH-000583","MC116"
584,496,"ACH-000584","JHOS4"
585,246,"ACH-000585","EPLC272H"
586,155458,"ACH-000586","NCIH1876"
587,127985,"ACH-000587","NCIH1975"
588,551,"ACH-000588","KMS26"
589,155409,"ACH-000589","NCIH1437"
590,155485,"ACH-000590","NCIH2073"
591,607,"ACH-000591","LN235"
592,1204,"ACH-000592","TM31"
593,55,"ACH-000593","BC3C"
594,216,"ACH-000594","DMS153"
595,606,"ACH-000595","LN229"
596,600,"ACH-000596","LCLC97TM1"
597,155824,"ACH-000597","TTC709"
598,550,"ACH-000598","KMS21BM"
599,928,"ACH-000599","PATU8902"
600,1069,"ACH-000600","SLR26"
601,679,"ACH-000601","MIAPACA2"
602,639,"ACH-000602","M07E"
603,60,"ACH-000603","BEN"
604,579,"ACH-000604","KYO1"
605,1194,"ACH-000605","TE6"
606,937,"ACH-000606","PECAPJ34CLONEC12"
607,578,"ACH-000607","KYM1"
608,188,"ACH-000608","COV644"
609,1015,"ACH-000609","SF126"
610,155504,"ACH-000610","NCIH2227"
611,1143,"ACH-000611","SUDHL6"
612,464,"ACH-000612","HUT102"
613,383,"ACH-000613","HOS"
614,1000,"ACH-000614","RVH421"
615,1043,"ACH-000615","SKMEL28"
616,418,"ACH-000616","HS746T"
617,908,"ACH-000617","OVCAR4"
618,1078,"ACH-000618","SNU1041"
619,935,"ACH-000619","PECAPJ15"
620,486,"ACH-000620","JHH1"
621,648,"ACH-000621","MDAMB157"
622,556,"ACH-000622","KNS42"
623,1092,"ACH-000623","SNU201"
624,309,"ACH-000624","HCC1806"
625,365,"ACH-000625","HEP3B217"
626,1225,"ACH-000626","U266B1"
627,599,"ACH-000627","LCLC103H"
628,128004,"ACH-000628","NCIH596"
629,477,"ACH-000629","IOMMLEE"
630,1281,"ACH-000630","YD8"
631,574,"ACH-000631","KS1"
632,440,"ACH-000632","HS944T"
633,259,"ACH-000633","FU97"
634,609,"ACH-000634","LN340"
635,1084,"ACH-000635","SNU119"
636,994,"ACH-000636","RPMI8402"
637,588,"ACH-000637","KYSE520"
638,127999,"ACH-000638","NCIH441"
639,155295,"ACH-000639","NCIH211"
640,1046,"ACH-000640","SKMEL31"
641,151,"ACH-000641","CMK"
642,378,"ACH-000642","HMEL"
643,349,"ACH-000643","HDQP1"
644,172,"ACH-000644","COLO829"
645,504,"ACH-000645","JL1"
646,914,"ACH-000646","OVMANA"
647,1184,"ACH-000647","TE1"
648,155285,"ACH-000648","NCIH28"
649,19,"ACH-000649","786O"
650,471,"ACH-000650","IGR37"
651,1166,"ACH-000651","SW620"
652,1145,"ACH-000652","SUIT2"
653,502,"ACH-000653","JJN3"
654,955,"ACH-000654","RAJI"
655,1017,"ACH-000655","SF268"
656,1144,"ACH-000656","SUDHL8"
657,29,"ACH-000657","A2780"
658,548,"ACH-000658","KMS18"
659,1011,"ACH-000659","SCLC21H"
660,1142,"ACH-000660","SUDHL5"
661,1256,"ACH-000661","WM1799"
662,175,"ACH-000662","CORL23"
663,916,"ACH-000663","OVTOKO"
664,1139,"ACH-000664","SUDHL1"
665,1048,"ACH-000665","SKMES1"
666,155401,"ACH-000666","NCIH1355"
667,332,"ACH-000667","HCC44"
668,338,"ACH-000668","HCC70"
669,1169,"ACH-000669","SW900"
670,1005,"ACH-000670","SBC5"
671,459,"ACH-000671","HUH6"
672,469,"ACH-000672","IALM"
673,614,"ACH-000673","LN443"
674,878,"ACH-000674","NUGC4"
675,155445,"ACH-000675","NCIH1734"
676,616,"ACH-000676","LN464"
677,1157,"ACH-000677","SW1573"
678,684,"ACH-000678","MKN7"
679,894,"ACH-000679","OE19"
680,1170,"ACH-000680","SW948"
681,35,"ACH-000681","A549"
682,1079,"ACH-000682","SNU1066"
683,1112,"ACH-000683","SNU503"
684,540,"ACH-000684","KMRC1"
685,591,"ACH-000685","L33"
686,1127,"ACH-000686","SNU878"
687,145,"ACH-000687","CI1"
688,906,"ACH-000688","OV7"
689,973,"ACH-000689","RH18"
690,323,"ACH-000690","HCC2814"
691,317,"ACH-000691","HCC2157"
692,1129,"ACH-000692","SNU899"
693,582,"ACH-000693","KYSE180"
694,1197,"ACH-000694","TE9"
695,180,"ACH-000695","CORL47"
696,910,"ACH-000696","OVCAR8"
697,31,"ACH-000697","A3KAW"
698,219,"ACH-000698","DMS53"
699,300,"ACH-000699","HCC1395"
700,155521,"ACH-000700","NCIH2882"
701,985,"ACH-000701","RMUGS"
702,590,"ACH-000702","L1236"
703,220,"ACH-000703","DMS79"
704,880,"ACH-000704","OAW42"
705,597,"ACH-000705","LC1F"
706,241,"ACH-000706","EKVX"
707,919,"ACH-000707","P3HR1"
708,1096,"ACH-000708","SNU283"
709,541,"ACH-000709","KMRC2"
710,155368,"ACH-000710","NCIH854"
711,501,"ACH-000711","JIMT1"
712,310,"ACH-000712","HCC1833"
713,126,"ACH-000713","CAOV3"
714,545,"ACH-000714","KMS11"
715,1087,"ACH-000715","SNU1214"
716,1210,"ACH-000716","TT2609C02"
717,162,"ACH-000717","COLO680N"
718,155511,"ACH-000718","NCIH2291"
719,983,"ACH-000719","RMGI"
720,1183,"ACH-000720","TCCSUP"
721,376,"ACH-000721","HMC18"
722,1130,"ACH-000722","SNUC1"
723,1278,"ACH-000723","YD10B"
724,449,"ACH-000724","HT1376"
725,315,"ACH-000725","HCC202"
726,1188,"ACH-000726","TE14"
727,155484,"ACH-000727","NCIH2066"
728,519,"ACH-000728","KASUMI2"
729,155469,"ACH-000729","NCIH1963"
730,1047,"ACH-000730","SKMEL5"
731,319,"ACH-000731","HCC2279"
732,939,"ACH-000732","PECAPJ41CLONED2"
733,155455,"ACH-000733","NCIH1838"
734,489,"ACH-000734","JHH5"
735,940,"ACH-000735","PECAPJ49"
736,1114,"ACH-000736","SNU601"
737,155404,"ACH-000737","NCIH1385"
738,269,"ACH-000738","GB1"
739,366,"ACH-000739","HEPG2"
740,28,"ACH-000740","A253"
741,1236,"ACH-000741","UBLC1"
742,214,"ACH-000742","DM3"
743,183,"ACH-000743","CORL95"
744,155431,"ACH-000744","NCIH1623"
745,696,"ACH-000745","MOLP8"
746,285,"ACH-000746","GSS"
747,155441,"ACH-000747","NCIH1703"
748,1032,"ACH-000748","SJSA1"
749,217,"ACH-000749","DMS273"
750,623,"ACH-000750","LOXIMVI"
751,890,"ACH-000751","OCIM1"
752,155294,"ACH-000752","NCIH196"
753,506,"ACH-000753","JMSU1"
754,593,"ACH-000754","L428"
755,318,"ACH-000755","HCC2218"
756,274,"ACH-000756","GI1"
757,32,"ACH-000757","A427"
758,685,"ACH-000758","MKN74"
759,649,"ACH-000759","MDAMB175VII"
760,619,"ACH-000760","LNZ308"
761,876,"ACH-000761","NUGC2"
762,1280,"ACH-000762","YD38"
763,688,"ACH-000763","MM1S"
764,1024,"ACH-000764","SH10TC"
765,1273,"ACH-000765","WM983B"
766,155433,"ACH-000766","NCIH1648"
767,155327,"ACH-000767","NCIH526"
768,650,"ACH-000768","MDAMB231"
769,602,"ACH-000769","LK2"
770,918,"ACH-000770","P31FUJ"
771,70,"ACH-000771","BICR56"
772,1192,"ACH-000772","TE441T"
773,532,"ACH-000773","KIJK"
774,968,"ACH-000774","RERFLCAD2"
775,155352,"ACH-000775","NCIH727"
776,899,"ACH-000776","ONS76"
777,584,"ACH-000777","KYSE30"
778,442,"ACH-000778","HSC3"
779,933,"ACH-000779","PC9"
780,155387,"ACH-000780","NCIH1105"
781,155477,"ACH-000781","NCIH2023"
782,1013,"ACH-000782","SEM"
783,125,"ACH-000783","CAMA1"
784,589,"ACH-000784","KYSE70"
785,155494,"ACH-000785","NCIH2126"
786,203,"ACH-000786","DAUDI"
787,636,"ACH-000787","LXF289"
788,27,"ACH-000788","A2058"
789,155362,"ACH-000789","NCIH810"
790,1026,"ACH-000790","SHP77"
791,967,"ACH-000791","RERFLCAD1"
792,62,"ACH-000792","BFTC909"
793,522,"ACH-000793","KATOIII"
794,68,"ACH-000794","BICR22"
795,697,"ACH-000795","MOLT13"
796,644,"ACH-000796","MCAS"
797,375,"ACH-000797","HLFA"
798,150,"ACH-000798","CL40"
799,411,"ACH-000799","HS695T"
800,128000,"ACH-000800","NCIH446"
801,437,"ACH-000801","HS936T"
802,61,"ACH-000802","BFTC905"
803,158,"ACH-000803","COLO668"
804,720,"ACH-000804","NB1"
805,161,"ACH-000805","COLO679"
806,594,"ACH-000806","L540"
807,1121,"ACH-000807","SNU738"
808,458,"ACH-000808","HUH28"
809,585,"ACH-000809","KYSE410"
810,1045,"ACH-000810","SKMEL30"
811,1059,"ACH-000811","SKOV3"
812,168,"ACH-000812","COLO783"
813,1173,"ACH-000813","T3M10"
814,438,"ACH-000814","HS939T"
815,538,"ACH-000815","KMH2HAEMATOPOIETICANDLYMPHOIDTISSUE"
816,155326,"ACH-000816","NCIH524"
817,992,"ACH-000817","RPMI8226"
818,98,"ACH-000818","BT483"
819,604,"ACH-000819","LN18"
820,1161,"ACH-000820","SW403"
821,240,"ACH-000821","EJM"
822,1042,"ACH-000822","SKMEL24"
823,580,"ACH-000823","KYSE140"
824,587,"ACH-000824","KYSE510"
825,382,"ACH-000825","HOP92"
826,112,"ACH-000826","CAL12T"
827,1270,"ACH-000827","WM793"
828,1286,"ACH-000828","ZR7530"
829,461,"ACH-000829","HUNS1"
830,155408,"ACH-000830","NCIH1436"
831,356,"ACH-000831","HEC50B"
832,114,"ACH-000832","CAL27"
833,975,"ACH-000833","RH30"
834,1243,"ACH-000834","UMUC1"
835,271,"ACH-000835","GCT"
836,1279,"ACH-000836","YD15"
837,155305,"ACH-000837","NCIH322"
838,49,"ACH-000838","AMO1"
839,1006,"ACH-000839","SCABER"
840,328,"ACH-000840","HCC366"
841,127988,"ACH-000841","NCIH2087"
842,1163,"ACH-000842","SW480"
843,293,"ACH-000843","HARA"
844,218,"ACH-000844","DMS454"
845,155402,"ACH-000845","NCIH1373"
846,255,"ACH-000846","FADU"
847,368,"ACH-000847","HGC27"
848,491,"ACH-000848","JHH7"
849,658,"ACH-000849","MDAMB468"
850,412,"ACH-000850","HS698T"
851,703,"ACH-000851","MORCPR"
852,155407,"ACH-000852","NCIH1435"
853,128005,"ACH-000853","NCIH661"
854,891,"ACH-000854","OCIMY5"
855,581,"ACH-000855","KYSE150"
856,117,"ACH-000856","CAL51"
857,121,"ACH-000857","CAL851"
858,558,"ACH-000858","KNS62"
859,314,"ACH-000859","HCC1954"
860,127997,"ACH-000860","NCIH358"
861,381,"ACH-000861","HOP62"
862,537,"ACH-000862","KMBC2"
863,205,"ACH-000863","DBTRG05MG"
864,163,"ACH-000864","COLO684"
865,586,"ACH-000865","KYSE450"
866,155380,"ACH-000866","NCIH1048"
867,141,"ACH-000867","CHAGOK1"
868,298,"ACH-000868","HCC1195"
869,155422,"ACH-000869","NCIH1568"
870,155466,"ACH-000870","NCIH1930"
871,155322,"ACH-000871","NCIH510"
872,336,"ACH-000872","HCC515"
873,583,"ACH-000873","KYSE270"
874,995,"ACH-000874","RS411"
875,155514,"ACH-000875","NCIH2347"
876,652,"ACH-000876","MDAMB415"
877,228,"ACH-000877","EB1"
878,304,"ACH-000878","HCC15"
879,671,"ACH-000879","MFE296"
880,44,"ACH-000880","AGS"
881,667,"ACH-000881","MELJUSO"
882,470,"ACH-000882","IGR1"
883,1159,"ACH-000883","SW1783"
884,655,"ACH-000884","MDAMB435S"
885,1209,"ACH-000885","TOV21G"
886,155476,"ACH-000886","NCIH2009"
887,1016,"ACH-000887","SF172"
888,155451,"ACH-000888","NCIH1793"
889,539,"ACH-000889","KMM1"
890,1153,"ACH-000890","SW1271"
891,303,"ACH-000891","HCC1438"
892,155421,"ACH-000892","NCIH1563"
893,155435,"ACH-000893","NCIH1651"
894,155456,"ACH-000894","NCIH1869"
895,149,"ACH-000895","CL34"
896,15,"ACH-000896","647V"
897,258,"ACH-000897","FTC238"
898,1120,"ACH-000898","SNU719"
899,1271,"ACH-000899","WM88"
900,127991,"ACH-000900","NCIH23"
901,299,"ACH-000901","HCC1359"
902,113,"ACH-000902","CAL148"
903,257,"ACH-000903","FTC133"
904,155491,"ACH-000904","NCIH2106"
905,3,"ACH-000905","5637"
906,247,"ACH-000906","ES2"
907,1099,"ACH-000907","SNU349"
908,1113,"ACH-000908","SNU520"
909,498,"ACH-000909","JHUEM2"
910,657,"ACH-000910","MDAMB453"
911,877,"ACH-000911","NUGC3"
912,155510,"ACH-000912","NCIH2286"
913,248,"ACH-000913","ESS1"
914,445,"ACH-000914","HT"
915,478,"ACH-000915","IPC298"
916,155424,"ACH-000916","NCIH1573"
917,1191,"ACH-000917","TE4"
918,698,"ACH-000918","MOLT16"
919,474,"ACH-000919","IM95"
920,154,"ACH-000920","CMLT1"
921,155399,"ACH-000921","NCIH1339"
922,958,"ACH-000922","RCHACV"
923,56,"ACH-000923","BCP1"
924,155500,"ACH-000924","NCIH2172"
925,227,"ACH-000925","DV90"
926,452,"ACH-000926","HT55"
927,97,"ACH-000927","BT474"
928,497,"ACH-000928","JHUEM1"
929,155493,"ACH-000929","NCIH2110"
930,306,"ACH-000930","HCC1569"
931,377,"ACH-000931","HMCB"
932,1075,"ACH-000932","SNU1"
933,1098,"ACH-000933","SNU324"
934,651,"ACH-000934","MDAMB361"
935,661,"ACH-000935","MDST8"
936,238,"ACH-000936","EFO27"
937,942,"ACH-000937","PF382"
938,718,"ACH-000938","NALM6"
939,1063,"ACH-000939","SKUT1"
940,50,"ACH-000940","AN3CA"
941,353,"ACH-000941","HEC1B"
942,386,"ACH-000942","HPBALL"
943,979,"ACH-000943","RKO"
944,719,"ACH-000944","NAMALWA"
945,155340,"ACH-000945","NCIH650"
946,355,"ACH-000946","HEC265"
947,912,"ACH-000947","OVK18"
948,4,"ACH-000948","2313287"
949,1200,"ACH-000949","TGBC11TKB"
950,622,"ACH-000950","LOVO"
951,155513,"ACH-000951","NCIH2342"
952,660,"ACH-000952","MDAPCA2B"
953,1149,"ACH-000953","SUPT1"
954,352,"ACH-000954","HEC1A"
955,1102,"ACH-000955","SNU407"
956,7,"ACH-000956","22RV1"
957,630,"ACH-000957","LS180"
958,1162,"ACH-000958","SW48"
959,1133,"ACH-000959","SNUC4"
960,965,"ACH-000960","REH"
961,479,"ACH-000961","ISHIKAWAHERAKLIO02ER"
962,881,"ACH-000962","OC314"
963,132,"ACH-000963","CCK81"
964,699,"ACH-000964","MOLT3"
965,981,"ACH-000965","RL952"
966,473,"ACH-000966","IGROV1"
967,1131,"ACH-000967","SNUC2A"
968,169,"ACH-000968","COLO792"
969,536,"ACH-000969","KM12"
970,1134,"ACH-000970","SNUC5"
971,343,"ACH-000971","HCT116"
972,351,"ACH-000972","HEC151"
973,14,"ACH-000973","639V"
974,1074,"ACH-000974","SNGM"
975,322,"ACH-000975","HCC2450"
976,455,"ACH-000976","HUCCT1"
977,618,"ACH-000977","LNCAPCLONEFGC"
978,243,"ACH-000978","EN"
979,225,"ACH-000979","DU145"
980,155388,"ACH-000980","NCIH1155"
981,221,"ACH-000981","DND41"
982,282,"ACH-000982","GP2D"
983,524,"ACH-000983","KCL22"
984,358,"ACH-000984","HEC6"
985,631,"ACH-000985","LS411N"
986,447,"ACH-000986","HT115"
987,669,"ACH-000987","MEWO"
988,672,"ACH-000988","MFE319"
989,1090,"ACH-000989","SNU175"
990,350,"ACH-000990","HEC108"
991,1124,"ACH-000991","SNU81"
992,67,"ACH-000992","BICR18"
993,500,"ACH-000993","JHUEM7"
994,357,"ACH-000994","HEC59"
995,508,"ACH-000995","JURKAT"
996,354,"ACH-000996","HEC251"
997,345,"ACH-000997","HCT15"
998,190,"ACH-000998","CW2"
999,1077,"ACH-000999","SNU1040"
1000,5,"ACH-001000","1321N1"
1001,6,"ACH-001001","143B"
1002,11,"ACH-001002","451LU"
1003,12,"ACH-001003","501MEL"
1004,18,"ACH-001004","769PVHL"
1005,2,"ACH-001005","862"
1006,36,"ACH-001006","A549BAXBAKDKO"
1007,156163,"ACH-001007","A673STAG2KO16_ENGINEERED"
1008,156164,"ACH-001008","A673STAG2KO45_ENGINEERED"
1009,156165,"ACH-001009","A673STAG2NT14_ENGINEERED"
1010,156166,"ACH-001010","A673STAG2NT23_ENGINEERED"
1011,42,"ACH-001011","ACCS"
1012,51,"ACH-001012","ARP1"
1013,155900,"ACH-001013","ATRT1"
1014,155901,"ACH-001014","ATRT3"
1015,54,"ACH-001015","AZ521"
1016,59,"ACH-001016","BECKER"
1017,63,"ACH-001017","BGC823"
1018,73,"ACH-001018","BJHTERT"
1019,155896,"ACH-001019","BROLI"
1020,155821,"ACH-001020","BT16"
1021,104,"ACH-001021","C3A"
1022,155859,"ACH-001022","CBAGPN"
1023,139,"ACH-001023","CGTHW1"
1024,142,"ACH-001024","CHL1"
1025,155902,"ACH-001025","CHLA02ATRT"
1026,155903,"ACH-001026","CHLA04ATRT"
1027,155904,"ACH-001027","CHLA05ATRT"
1028,155905,"ACH-001028","CHLA06ATRT"
1029,155860,"ACH-001029","CHLA10"
1030,155861,"ACH-001030","CHLA218"
1031,155906,"ACH-001031","CHLA266"
1032,155862,"ACH-001032","CHLA32"
1033,155863,"ACH-001033","CHLA57"
1034,155864,"ACH-001034","CHLA9"
1035,155865,"ACH-001035","CHLA99"
1036,152,"ACH-001036","CMK115"
1037,153,"ACH-001037","CMK86"
1038,155866,"ACH-001038","COGE352"
1039,156,"ACH-001039","COLO205"
1040,159,"ACH-001040","COLO677"
1041,164,"ACH-001041","COLO699"
1042,165,"ACH-001042","COLO704"
1043,167,"ACH-001043","COLO775"
1044,171,"ACH-001044","COLO818"
1045,173,"ACH-001045","COLO849"
1046,177,"ACH-001046","CORL26"
1047,181,"ACH-001047","CORL51"
1048,187,"ACH-001048","COV504"
1049,189,"ACH-001049","CPCN"
1050,191,"ACH-001050","CW9019"
1051,155907,"ACH-001051","D271"
1052,196,"ACH-001052","D384"
1053,197,"ACH-001053","D425"
1054,198,"ACH-001054","D458"
1055,199,"ACH-001055","D556"
1056,200,"ACH-001056","D8817"
1057,155876,"ACH-001057","DERL2"
1058,209,"ACH-001058","DFCI024"
1059,155908,"ACH-001059","DL"
1060,155877,"ACH-001060","DL40"
1061,212,"ACH-001061","DLD1"
1062,213,"ACH-001062","DLD1BAXBAKDKO"
1063,223,"ACH-001063","DOV13"
1064,229,"ACH-001064","EB2"
1065,249,"ACH-001065","EVSAT"
1066,252,"ACH-001066","EWS834"
1067,254,"ACH-001067","F5"
1068,155878,"ACH-001068","FEPD"
1069,256,"ACH-001069","FLO"
1070,260,"ACH-001070","FUDDLS1"
1071,279,"ACH-001071","GLC82"
1072,284,"ACH-001072","GRM"
1073,NaN,,
1074,NaN,,
1075,290,"ACH-001075","NCIH292"
1076,292,"ACH-001076","HAED"
1077,128227,"ACH-001077","HBL1"
1078,307,"ACH-001078","HCC1588"
1079,311,"ACH-001079","HCC1897"
1080,320,"ACH-001080","HCC2373"
1081,325,"ACH-001081","HCC2998"
1082,344,"ACH-001082","HCT116G9B"
1083,156713,"ACH-001083","HCT116PA_ENGINEERED"
1084,346,"ACH-001084","HCT8"
1085,359,"ACH-001085","HEK293"
1086,364,"ACH-001086","HELA"
1087,370,"ACH-001087","HK2"
1088,372,"ACH-001088","HLC1"
1089,373,"ACH-001089","HLE"
1090,379,"ACH-001090","HN"
1091,387,"ACH-001091","HRT18"
1092,397,"ACH-001092","HS571T"
1093,403,"ACH-001093","HS604T"
1094,454,"ACH-001094","HTK"
1095,468,"ACH-001095","IA5"
1096,507,"ACH-001096","JR"
1097,155879,"ACH-001097","KARPAS384"
1098,523,"ACH-001098","KCIMOH1"
1099,155852,"ACH-001099","KD"
1100,155880,"ACH-001100","KHYG"
1101,535,"ACH-001101","KLM1"
1102,544,"ACH-001102","KMS1"
1103,547,"ACH-001103","KMS12PE"
1104,NaN,,
1105,560,"ACH-001105","KO51"
1106,563,"ACH-001106","KOPN8"
1107,564,"ACH-001107","KP1N"
1108,565,"ACH-001108","KP1NL"
1109,155911,"ACH-001109","KPMRTRY"
1110,155892,"ACH-001110","L3411N"
1111,131698,"ACH-001111","L82"
1112,596,"ACH-001112","LC1"
1113,598,"ACH-001113","LC1SQSF"
1114,612,"ACH-001114","LN414"
1115,615,"ACH-001115","LN444"
1116,625,"ACH-001116","LP6"
1117,628,"ACH-001117","LS141"
1118,637,"ACH-001118","M059J"
1119,155881,"ACH-001119","MAC2A"
1120,NaN,,
1121,664,"ACH-001121","MEC2"
1122,155853,"ACH-001122","MKL1"
1123,155854,"ACH-001123","MKL2"
1124,689,"ACH-001124","MMAS"
1125,690,"ACH-001125","MOGGCCM"
1126,691,"ACH-001126","MOGGUVW"
1127,700,"ACH-001127","MOLT4"
1128,155912,"ACH-001128","MON"
1129,701,"ACH-001129","MONOMAC1"
1130,704,"ACH-001130","MOTN1"
1131,155897,"ACH-001131","MS1SKIN"
1132,155882,"ACH-001132","MTA"
1133,NaN,,
1134,155883,"ACH-001134","MYLA"
1135,155398,"ACH-001135","NCIH1334"
1136,288,"ACH-001136","NCIH187"
1137,155474,"ACH-001137","NCIH1993"
1138,155496,"ACH-001138","NCIH2141"
1139,156714,"ACH-001139","NCIH69SB"
1140,155363,"ACH-001140","NCIH820"
1141,155377,"ACH-001141","NCIH969"
1142,155849,"ACH-001142","NHAHTDD"
1143,155884,"ACH-001143","NKL"
1144,882,"ACH-001144","OC315"
1145,883,"ACH-001145","OC316"
1146,887,"ACH-001146","OCILY10"
1147,155885,"ACH-001147","OCILY12"
1148,155886,"ACH-001148","OCILY132"
1149,155887,"ACH-001149","OCILY17"
1150,904,"ACH-001150","OUMS27"
1151,909,"ACH-001151","OVCAR5"
1152,136348,"ACH-001152","PATU8902T"
1153,156167,"ACH-001153","PATU8988TKRASKOSG2219_ENGINEERED"
1154,156168,"ACH-001154","PATU8988TKRASKOSG2222_ENGINEERED"
1155,156169,"ACH-001155","PATU8988TKRASKOSG248_ENGINEERED"
1156,156170,"ACH-001156","PATU8988TKRASKOSG8853_ENGINEERED"
1157,156171,"ACH-001157","PATU8988TKRASKOSG8864_ENGINEERED"
1158,156172,"ACH-001158","PATU8988TKRASKOSG8875_ENGINEERED"
1159,156173,"ACH-001159","PATU8988TKRASNTA_ENGINEERED"
1160,156174,"ACH-001160","PATU8988TKRASNTD_ENGINEERED"
1161,156175,"ACH-001161","PATU8988TKRASNTF_ENGINEERED"
1162,934,"ACH-001162","PCM6"
1163,155890,"ACH-001163","CCLFPEDS0001T"
1164,155913,"ACH-001164","CCLFPEDS0003T"
1165,NaN,,
1166,155893,"ACH-001166","PEDS019TBT"
1167,155891,"ACH-001167","PEDS030T"
1168,NaN,,
1169,156715,"ACH-001169","PEDS037TFM"
1170,155855,"ACH-001170","PETA"
1171,948,"ACH-001171","PL45"
1172,155871,"ACH-001172","R256"
1173,155872,"ACH-001173","R262"
1174,155873,"ACH-001174","R308"
1175,957,"ACH-001175","RCC4"
1176,962,"ACH-001176","RDD8107"
1177,984,"ACH-001177","RMS559"
1178,986,"ACH-001178","RPE101"
1179,987,"ACH-001179","RPE1A4D"
1180,988,"ACH-001180","RPE1T"
1181,989,"ACH-001181","RPE74"
1182,990,"ACH-001182","RPMI6666"
1183,998,"ACH-001183","RT11284"
1184,1012,"ACH-001184","SCMCRM2"
1185,1020,"ACH-001185","SF763"
1186,1022,"ACH-001186","SF782"
1187,1023,"ACH-001187","SF8657"
1188,1027,"ACH-001188","SHSY5Y"
1189,1031,"ACH-001189","SJRH30"
1190,1041,"ACH-001190","SKMEL2"
1191,1049,"ACH-001191","SKMM1"
1192,1054,"ACH-001192","SKNEP1"
1193,149923,"ACH-001193","SKPNDW"
1194,1061,"ACH-001194","SKRC31"
1195,1062,"ACH-001195","SKRC52"
1196,1070,"ACH-001196","SMSCTR"
1197,155888,"ACH-001197","SMZ1"
1198,1072,"ACH-001198","SNB19"
1199,1132,"ACH-001199","SNUC2B"
1200,155914,"ACH-001200","STM9101"
1201,155856,"ACH-001201","SUMB002"
1202,155874,"ACH-001202","SUMB004"
1203,1147,"ACH-001203","SUPHD1"
1204,1164,"ACH-001204","SW48BAXBAKDKO"
1205,1179,"ACH-001205","TC32"
1206,1181,"ACH-001206","TTC466"
1207,1202,"ACH-001207","TIG3TD"
1208,1203,"ACH-001208","TK10"
1209,1207,"ACH-001209","TOM1"
1210,153039,"ACH-001210","TTC1240"
1211,155857,"ACH-001211","TTC549"
1212,153040,"ACH-001212","TTC642"
1213,1219,"ACH-001213","U138"
1214,1220,"ACH-001214","U138MG"
1215,155889,"ACH-001215","U2932"
1216,1228,"ACH-001216","U345"
1217,1229,"ACH-001217","U373MG"
1218,156716,"ACH-001218","U937SMC3HET1_ENGINEERED"
1219,156176,"ACH-001219","U937SMC3HET2_ENGINEERED"
1220,156177,"ACH-001220","U937STAG2KO1_ENGINEERED"
1221,156178,"ACH-001221","U937STAG2KO2_ENGINEERED"
1222,156179,"ACH-001222","U937STAG2NT1_ENGINEERED"
1223,156180,"ACH-001223","U937STAG2NT2_ENGINEERED"
1224,1239,"ACH-001224","UMRC2"
1225,1240,"ACH-001225","UMRC6"
1226,NaN,,
1227,155915,"ACH-001227","UPCISCC090"
1228,155916,"ACH-001228","UPCISCC152"
1229,155917,"ACH-001229","UPCISCC154"
1230,1247,"ACH-001230","UT7"
1231,1248,"ACH-001231","UTMC2"
1232,155875,"ACH-001232","UW228"
1233,1251,"ACH-001233","VMRCLCD"
1234,1252,"ACH-001234","VMRCLCP"
1235,155898,"ACH-001235","WAGA"
1236,1257,"ACH-001236","WM1930"
1237,1258,"ACH-001237","WM1960"
1238,1259,"ACH-001238","WM1976"
1239,1260,"ACH-001239","WM2664"
1240,1261,"ACH-001240","WM3163"
1241,1263,"ACH-001241","WM3453"
1242,1265,"ACH-001242","WM3627"
1243,1266,"ACH-001243","WM3629"
1244,1267,"ACH-001244","WM3670"
1245,1268,"ACH-001245","WM3682"
1246,1269,"ACH-001246","WM3702"
1247,1275,"ACH-001247","XG1"
1248,1276,"ACH-001248","XG6"
1249,1284,"ACH-001249","YMB1"
1250,156717,"ACH-001250","HTCC116MUTHOM"
1251,156181,"ACH-001251","HCT116ARID1AHOM"
1252,156182,"ACH-001252","U937STAG2KOG2C5_ENGINEERED"
1253,156183,"ACH-001253","U937STAG2KOG2D5C_ENGINEERED"
1254,156184,"ACH-001254","U937STAG2KOG2E1_ENGINEERED"
1255,156185,"ACH-001255","U937STAG2KOG2G8B_ENGINEERED"
1256,156186,"ACH-001256","U937NCB12_ENGINEERED"
1257,156187,"ACH-001257","U937NCB1_ENGINEERED"
1258,156188,"ACH-001258","U937NCB2A_ENGINEERED"
1259,156189,"ACH-001259","U937NCC4_ENGINEERED"
1260,156190,"ACH-001260","PATU8988T_KRAS_KO_01.222-311Cas9_ENGINEERED"
1261,156191,"ACH-001261","PATU8988T_KRAS_KO_02.864-311Cas9_ENGINEERED"
1262,156192,"ACH-001262","PATU8988T_KRAS_KO_02.875-311Cas9_ENGINEERED"
1263,156193,"ACH-001263","PATU8988T_NC_A1-311Cas9_ENGINEERED"
1264,156194,"ACH-001264","PATU8988T_NC_D1-311Cas9_ENGINEERED"
1265,156195,"ACH-001265","PATU8988T_NC_F1-311Cas9_ENGINEERED"
1266,NaN,,
1267,156196,"ACH-001267","PATU8988T_KRAS_KO_02.853-311Cas9_ENGINEERED"
1268,156197,"ACH-001268","HCT116ARID1AKOHD104031_ENGINEERED"
1269,156198,"ACH-001269","HCT116ARID1AKOHD104049_ENGINEERED"
1270,155899,"ACH-001270","127399"
1271,155825,"ACH-001271","ASKA"
1272,155909,"ACH-001272","FUJI"
1273,155910,"ACH-001273","HSSY2"
1274,150887,"ACH-001274","SW982"
1275,155827,"ACH-001275","SYO1"
1276,156199,"ACH-001276","YAFUSS"
1277,155826,"ACH-001277","YAMATO"
1278,155894,"ACH-001278","BIN67"
1279,155895,"ACH-001279","SCCOHT1"
1280,155930,"ACH-001280","SCS214"
1281,156200,"ACH-001281","CHLA01"
1282,155947,"ACH-001282","CHLA258"
1283,155867,"ACH-001283","TC106"
1284,NaN,,
1285,NaN,,
1286,NaN,,
1287,NaN,,
1288,156156,"ACH-001288","MV411CAS9_ENGINEERED"
1289,155928,"ACH-001289","COGAR359"
1290,156201,"ACH-001290","CUEWS88755"
1291,156202,"ACH-001291","COGW408"
1292,156203,"ACH-001292","COGH430"
1293,156204,"ACH-001293","CHLA200"
1294,156205,"ACH-001294","CHLA259"
1295,156154,"ACH-001295","Y79"
1296,NaN,,
1297,NaN,,
1298,156157,"ACH-001298","LN464CAS9_ENGINEERED"
1299,156158,"ACH-001299","LN382CAS9_ENGINEERED"
1300,155923,"ACH-001300","CHLA15"
1301,155924,"ACH-001301","COGN278"
1302,155922,"ACH-001302","COGN305"
1303,134952,"ACH-001303","NB1643"
1304,NaN,,
1305,156206,"ACH-001305","PEDS056"
1306,20,"ACH-001306","8305C"
1307,21,"ACH-001307","8505C"
1308,NaN,,
1309,NaN,,
1310,155982,"ACH-001310","HA1E"
1311,NaN,,
1312,NaN,,
1313,NaN,,
1314,NaN,,
1315,NaN,,
1316,NaN,,
1317,156208,"ACH-001317","PEDS037"
1318,950,"ACH-001318","PLCPRF5"
1319,NaN,,
1320,NaN,,
1321,1212,"ACH-001321","TTTHYROID"
1322,155929,"ACH-001322","CME1"
1323,NaN,,
1324,156209,"ACH-001324","SF10067"
1325,156210,"ACH-001325","SF10074"
1326,156211,"ACH-001326","SF10767"
1327,156212,"ACH-001327","MED311"
1328,118494,"ACH-001328","A431"
1329,155932,"ACH-001329","ANGMCSS"
1330,156213,"ACH-001330","ATRFLOX"
1331,155938,"ACH-001331","BICR10"
1332,155939,"ACH-001332","BICR78"
1333,120845,"ACH-001333","C33A"
1334,120860,"ACH-001334","C4I"
1335,155761,"ACH-001335","C4II"
1336,121158,"ACH-001336","CASKI"
1337,156214,"ACH-001337","CATES1B"
1338,155763,"ACH-001338","CHP134"
1339,155951,"ACH-001339","COLO794"
1340,155956,"ACH-001340","COV413A"
1341,122616,"ACH-001341","DOTC24510"
1342,156215,"ACH-001342","GH329"
1343,156216,"ACH-001343","GH354"
1344,155774,"ACH-001344","GIMEN"
1345,127765,"ACH-001345","GP5D"
1346,127960,"ACH-001346","H103"
1347,127980,"ACH-001347","H157"
1348,156217,"ACH-001348","H1HELA"
1349,156218,"ACH-001349","HDMB03"
1350,453,"ACH-001350","HTCC3"
1351,156219,"ACH-001351","HUMANOVARIANCARCINOMAEPITHELIALCELLS"
1352,156220,"ACH-001352","HUMANPROSTATECARCINOMAEPITHELIALCELLS"
1353,156015,"ACH-001353","JOPACA1"
1354,156024,"ACH-001354","LAN2"
1355,131745,"ACH-001355","LAN6"
1356,156041,"ACH-001356","MB1"
1357,645,"ACH-001357","MCF10A"
1358,133506,"ACH-001358","MDAMB330"
1359,133628,"ACH-001359","ME180"
1360,134555,"ACH-001360","MS751"
1361,156221,"ACH-001361","NBLS"
1362,155447,"ACH-001362","NCIH1770"
1363,155495,"ACH-001363","NCIH2135"
1364,155307,"ACH-001364","NCIH345"
1365,155367,"ACH-001365","NCIH847"
1366,156222,"ACH-001366","NGP"
1367,156079,"ACH-001367","NMB"
1368,156083,"ACH-001368","OACM51"
1369,156084,"ACH-001369","OCIC5X"
1370,156223,"ACH-001370","OCIP5X"
1371,156224,"ACH-001371","OCIP8P"
1372,156225,"ACH-001372","OCIP9A1"
1373,156089,"ACH-001373","OV17R"
1374,136126,"ACH-001374","PA1"
1375,156093,"ACH-001375","PACADD119"
1376,156094,"ACH-001376","PACADD135"
1377,156095,"ACH-001377","PACADD137"
1378,156096,"ACH-001378","PACADD159"
1379,156097,"ACH-001379","PACADD161"
1380,156098,"ACH-001380","PACADD165"
1381,156226,"ACH-001381","PACADD183"
1382,156099,"ACH-001382","PACADD188"
1383,156108,"ACH-001383","PWR1E"
1384,138507,"ACH-001384","RO82W1"
1385,138548,"ACH-001385","RPMI2650"
1386,155797,"ACH-001386","SCLC22H"
1387,NaN,,
1388,150783,"ACH-001388","SUM102PT"
1389,150785,"ACH-001389","SUM1315MO2"
1390,150787,"ACH-001390","SUM149PT"
1391,150789,"ACH-001391","SUM159PT"
1392,150791,"ACH-001392","SUM185PE"
1393,150793,"ACH-001393","SUM190PT"
1394,150794,"ACH-001394","SUM229PE"
1395,150795,"ACH-001395","SUM44PE"
1396,150796,"ACH-001396","SUM52PE"
1397,155798,"ACH-001397","SUM225CWN"
1398,156135,"ACH-001398","SW156"
1399,150880,"ACH-001399","SW626"
1400,150885,"ACH-001400","SW954"
1401,150877,"ACH-001401","SW13"
1402,150883,"ACH-001402","SW756"
1403,156227,"ACH-001403","TO14"
1404,156228,"ACH-001404","UACC1179"
1405,156229,"ACH-001405","UACC462"
1406,156230,"ACH-001406","UACC732"
1407,156144,"ACH-001407","UMUC13"
1408,153322,"ACH-001408","UMUC14"
1409,156145,"ACH-001409","UMUC16"
1410,156146,"ACH-001410","UMUC4"
1411,156147,"ACH-001411","UMUC5"
1412,156142,"ACH-001412","UMUC10"
1413,156143,"ACH-001413","UMUC11"
1414,156148,"ACH-001414","UMUC6"
1415,156149,"ACH-001415","UMUC7"
1416,156150,"ACH-001416","UMUC9"
1417,153313,"ACH-001417","UMC11"
1418,156151,"ACH-001418","UWB1289"
1419,153727,"ACH-001419","VP229"
1420,156231,"ACH-001420","VP303"
1421,154033,"ACH-001421","WERIRB1"
1422,156232,"ACH-001422","WPE1NA22"
1423,156233,"ACH-001423","CCLFPEDS0002T"
1424,156234,"ACH-001424","PEDS017"
1425,155944,"ACH-001425","CCLFPEDS0004T"
1426,156235,"ACH-001426","PEDS019"
1427,156236,"ACH-001427","CCLFPEDS0007T"
1428,156237,"ACH-001428","CCLFPEDS0010T"
1429,156238,"ACH-001429","CCLFPEDS0009T"
1430,155868,"ACH-001430","TC138"
1431,155869,"ACH-001431","TC205"
1432,156239,"ACH-001432","SNU408"
1433,155945,"ACH-001433","CCLFPEDS0008T"
1434,156240,"ACH-001434","MSKB9"
1435,156241,"ACH-001435","1156QE8"
1436,156242,"ACH-001436","1411H"
1437,156243,"ACH-001437","1618K"
1438,156244,"ACH-001438","1777NRPMET"
1439,156245,"ACH-001439","577MF"
1440,156246,"ACH-001440","833KE"
1441,155931,"ACH-001441","921"
1442,118487,"ACH-001442","A388"
1443,155933,"ACH-001443","ASH3"
1444,156247,"ACH-001444","BEWO"
1445,156248,"ACH-001445","BICR3"
1446,156249,"ACH-001446","BICR82"
1447,120126,"ACH-001447","BJAB"
1448,156250,"ACH-001448","BL100"
1449,120128,"ACH-001449","BL2"
1450,155940,"ACH-001450","BLUE1"
1451,155758,"ACH-001451","BOKU"
1452,155759,"ACH-001452","BONNA12"
1453,155760,"ACH-001453","BPH1"
1454,120689,"ACH-001454","C10"
1455,120710,"ACH-001455","C106"
1456,120774,"ACH-001456","C125PM"
1457,120875,"ACH-001457","C70"
1458,120876,"ACH-001458","C75"
1459,120881,"ACH-001459","C80"
1460,120884,"ACH-001460","C84"
1461,120935,"ACH-001461","C99"
1462,156251,"ACH-001462","CHLA11"
1463,156252,"ACH-001463","CHLA12"
1464,156253,"ACH-001464","CHLA122"
1465,156254,"ACH-001465","CHLA136"
1466,156255,"ACH-001466","CHLA140"
1467,156256,"ACH-001467","CHLA144"
1468,156257,"ACH-001468","CHLA145"
1469,156258,"ACH-001469","CHLA171"
1470,156259,"ACH-001470","CHLA172"
1471,156260,"ACH-001471","CHLA20"
1472,156261,"ACH-001472","CHLA225"
1473,156262,"ACH-001473","CHLA247"
1474,156263,"ACH-001474","CHLA253"
1475,156264,"ACH-001475","CHLA42"
1476,156265,"ACH-001476","CHLA52"
1477,156266,"ACH-001477","CHLA53"
1478,156267,"ACH-001478","CHLA60"
1479,156268,"ACH-001479","CHLA61"
1480,156269,"ACH-001480","CHLA79"
1481,121611,"ACH-001481","CHLA90"
1482,156270,"ACH-001482","CHLA95"
1483,156271,"ACH-001483","CHP100"
1484,156272,"ACH-001484","CI"
1485,156273,"ACH-001485","CII"
1486,156274,"ACH-001486","COGN291"
1487,156275,"ACH-001487","COGN316"
1488,156276,"ACH-001488","COGN321"
1489,155955,"ACH-001489","CORL32"
1490,155954,"ACH-001490","CORL321"
1491,156277,"ACH-001491","DND39"
1492,156278,"ACH-001492","DOGKIT"
1493,156279,"ACH-001493","DOGUM"
1494,126402,"ACH-001494","EGI1"
1495,156280,"ACH-001495","EMTOKA"
1496,126623,"ACH-001496","ESO26"
1497,155966,"ACH-001497","ESO51"
1498,126841,"ACH-001498","FARAGE"
1499,156281,"ACH-001499","FLAM76"
1500,155967,"ACH-001500","FLO1"
1501,156282,"ACH-001501","FTC236"
1502,156283,"ACH-001502","GCT27"
1503,156284,"ACH-001503","GUMBUS"
1504,NaN,,
1505,NaN,,
1506,NaN,,
1507,NaN,,
1508,127995,"ACH-001508","H314"
1509,127996,"ACH-001509","H357"
1510,156285,"ACH-001510","H376"
1511,156286,"ACH-001511","H413"
1512,156287,"ACH-001512","HAC2"
1513,156288,"ACH-001513","HCA1"
1514,294,"ACH-001514","HCC1008"
1515,156289,"ACH-001515","HCS2"
1516,156290,"ACH-001516","HCSC1"
1517,128504,"ACH-001517","HEC1"
1518,128505,"ACH-001518","HEC116"
1519,128525,"ACH-001519","HEMCSS"
1520,156291,"ACH-001520","HG3"
1521,155996,"ACH-001521","HKA1"
1522,155997,"ACH-001522","HMY1"
1523,156000,"ACH-001523","HSC1"
1524,156001,"ACH-001524","HSC5"
1525,129361,"ACH-001525","HT3"
1526,129477,"ACH-001526","HUO9"
1527,156292,"ACH-001527","I83E95"
1528,156006,"ACH-001528","IHH4"
1529,155777,"ACH-001529","JAR"
1530,155778,"ACH-001530","JEG3"
1531,130244,"ACH-001531","JIM3"
1532,156014,"ACH-001532","JMURTK2"
1533,156293,"ACH-001533","KARPAS1718"
1534,156294,"ACH-001534","KARPAS417"
1535,156295,"ACH-001535","KHOS312H"
1536,156019,"ACH-001536","KKU100"
1537,156296,"ACH-001537","KKU055"
1538,156297,"ACH-001538","KKU213"
1539,156298,"ACH-001539","KML1"
1540,156299,"ACH-001540","KMLS1"
1541,554,"ACH-001541","KMS28PE"
1542,156021,"ACH-001542","KON"
1543,156300,"ACH-001543","KOSC2CL343"
1544,156022,"ACH-001544","KYAE1"
1545,156301,"ACH-001545","LI90"
1546,132225,"ACH-001546","LIM1215"
1547,156302,"ACH-001547","LO68"
1548,156303,"ACH-001548","LS"
1549,132558,"ACH-001549","LU135"
1550,156042,"ACH-001550","MCC13"
1551,156043,"ACH-001551","MCC142"
1552,156044,"ACH-001552","MCC26"
1553,156304,"ACH-001553","MEGA2"
1554,133751,"ACH-001554","MEL202"
1555,156046,"ACH-001555","MERO14"
1556,156047,"ACH-001556","MERO25"
1557,156048,"ACH-001557","MERO41"
1558,156049,"ACH-001558","MERO48A"
1559,156050,"ACH-001559","MERO82"
1560,156051,"ACH-001560","MERO83"
1561,156052,"ACH-001561","MERO84"
1562,156053,"ACH-001562","MERO95"
1563,134265,"ACH-001563","MM127"
1564,156305,"ACH-001564","MM138"
1565,134267,"ACH-001565","MM170"
1566,134280,"ACH-001566","MM370"
1567,134281,"ACH-001567","MM383"
1568,134283,"ACH-001568","MM386"
1569,134286,"ACH-001569","MM415"
1570,134288,"ACH-001570","MM426"
1571,156306,"ACH-001571","MO"
1572,156307,"ACH-001572","MOB"
1573,156308,"ACH-001573","MOLM1"
1574,134396,"ACH-001574","MOLM14"
1575,156309,"ACH-001575","MOLM20"
1576,707,"ACH-001576","MUTZ2"
1577,134596,"ACH-001577","MUTZ8"
1578,134986,"ACH-001578","NCCIT"
1579,156310,"ACH-001579","NCCOVCK119"
1580,156311,"ACH-001580","NCCRBC39"
1581,156312,"ACH-001581","NCCRBC51"
1582,156313,"ACH-001582","NCCRBC53"
1583,156314,"ACH-001583","NCCRBC54"
1584,156315,"ACH-001584","NCCRBC56"
1585,156316,"ACH-001585","NCCRBC57"
1586,156317,"ACH-001586","NCCRBC59"
1587,156318,"ACH-001587","NCCRBC67"
1588,156319,"ACH-001588","NCCRBC83"
1589,156320,"ACH-001589","NCCRBC92"
1590,156321,"ACH-001590","NCCRBCT1"
1591,155406,"ACH-001591","NCIH1417"
1592,155419,"ACH-001592","NCIH1522"
1593,155437,"ACH-001593","NCIH1672"
1594,289,"ACH-001594","NCIH2107"
1595,156322,"ACH-001595","NCIH2108"
1596,156323,"ACH-001596","NCIH2195"
1597,156324,"ACH-001597","NCIH220"
1598,127992,"ACH-001598","NCIH295R"
1599,155287,"ACH-001599","NCIH64"
1600,155347,"ACH-001600","NCIH711"
1601,155349,"ACH-001601","NCIH719"
1602,156325,"ACH-001602","NCIH865"
1603,135145,"ACH-001603","NH12"
1604,156326,"ACH-001604","NJG"
1605,856,"ACH-001605","NO10"
1606,857,"ACH-001606","NO11"
1607,156327,"ACH-001607","NOZ"
1608,156328,"ACH-001608","NP2"
1609,156329,"ACH-001609","NP3"
1610,156080,"ACH-001610","NP5"
1611,156081,"ACH-001611","NP8"
1612,156330,"ACH-001612","OCIAML1"
1613,156331,"ACH-001613","OCIAML4"
1614,156332,"ACH-001614","OCIAML6"
1615,135529,"ACH-001615","OCILY1"
1616,156333,"ACH-001616","OCILY18"
1617,156085,"ACH-001617","OCILY7"
1618,156334,"ACH-001618","OCIM2"
1619,156335,"ACH-001619","OCUG1"
1620,156336,"ACH-001620","ONDA10"
1621,156337,"ACH-001621","ONDA11"
1622,156338,"ACH-001622","ONDA7"
1623,156339,"ACH-001623","ONDA8"
1624,156086,"ACH-001624","ONDA9"
1625,156087,"ACH-001625","OSC19"
1626,156088,"ACH-001626","OSC20"
1627,156340,"ACH-001627","P4E6"
1628,156341,"ACH-001628","PEA1"
1629,156342,"ACH-001629","PEA2"
1630,156105,"ACH-001630","PEO1"
1631,156343,"ACH-001631","PEO16"
1632,156344,"ACH-001632","PEO4"
1633,156345,"ACH-001633","PEO6"
1634,156346,"ACH-001634","PGA1"
1635,156347,"ACH-001635","PNT1A"
1636,138142,"ACH-001636","RAMOS"
1637,156348,"ACH-001637","RB247C"
1638,959,"ACH-001638","RCK8"
1639,156119,"ACH-001639","ROS50"
1640,156159,"ACH-001640","RS2"
1641,156121,"ACH-001641","SAT"
1642,155795,"ACH-001642","SCC3"
1643,156349,"ACH-001643","SCCH196"
1644,155796,"ACH-001644","SCCH26"
1645,156126,"ACH-001645","SEKI"
1646,156350,"ACH-001646","SERBOB"
1647,156160,"ACH-001647","SHI1"
1648,156351,"ACH-001648","SHMAC4"
1649,156352,"ACH-001649","SHMAC5"
1650,156127,"ACH-001650","SISO"
1651,156353,"ACH-001651","SKGI"
1652,156354,"ACH-001652","SKGII"
1653,156129,"ACH-001653","SKGT2"
1654,149742,"ACH-001654","SKGT4"
1655,149901,"ACH-001655","SKN"
1656,1057,"ACH-001656","SKNO1"
1657,155848,"ACH-001657","SNGII"
1658,156355,"ACH-001658","SNU1528"
1659,156356,"ACH-001659","SNU1553"
1660,156357,"ACH-001660","SNU1581"
1661,156358,"ACH-001661","SNU1958"
1662,156359,"ACH-001662","SNU2372"
1663,156360,"ACH-001663","SNU334"
1664,150121,"ACH-001664","SNU638"
1665,NaN,,
1666,156361,"ACH-001666","STC1"
1667,156362,"ACH-001667","SUCCS1"
1668,156363,"ACH-001668","SUSA"
1669,156364,"ACH-001669","TANOUE"
1670,156137,"ACH-001670","TASK1"
1671,156365,"ACH-001671","TERA1"
1672,156366,"ACH-001672","TERA2"
1673,152653,"ACH-001673","TFK1"
1674,152657,"ACH-001674","TGW"
1675,156367,"ACH-001675","TR146"
1676,156368,"ACH-001676","TY82"
1677,156369,"ACH-001677","U2904"
1678,156370,"ACH-001678","U2940"
1679,156371,"ACH-001679","U2973"
1680,153099,"ACH-001680","U698M"
1681,156372,"ACH-001681","UACC1598"
1682,156373,"ACH-001682","UACC2087"
1683,156374,"ACH-001683","UACC3133"
1684,156375,"ACH-001684","UCSDAML1"
1685,156376,"ACH-001685","UHO1"
1686,156377,"ACH-001686","ULA"
1687,153314,"ACH-001687","UMRC3"
1688,153316,"ACH-001688","UMRC7"
1689,156378,"ACH-001689","UOCM1"
1690,156379,"ACH-001690","UPCISCC026"
1691,156380,"ACH-001691","UPCISCC029A"
1692,156381,"ACH-001692","UPCISCC040"
1693,156382,"ACH-001693","UPCISCC072"
1694,156383,"ACH-001694","UPCISCC074"
1695,156384,"ACH-001695","UPCISCC099"
1696,156385,"ACH-001696","UPCISCC111"
1697,156386,"ACH-001697","UPCISCC114"
1698,156387,"ACH-001698","UPCISCC116"
1699,156388,"ACH-001699","UPCISCC131"
1700,156389,"ACH-001700","UPCISCC172"
1701,156390,"ACH-001701","UPCISCC200"
1702,153490,"ACH-001702","VAESBJ"
1703,153519,"ACH-001703","VAL"
1704,153701,"ACH-001704","VMRCMELG"
1705,156391,"ACH-001705","VP267"
1706,156392,"ACH-001706","WAC3CD5"
1707,156393,"ACH-001707","WAOSEL"
1708,156394,"ACH-001708","WSUFSCCL"
1709,154306,"ACH-001709","WSUNHL"
1710,154903,"ACH-001710","YNH1"
1711,137386,"ACH-001711","PFSK1"
1712,156395,"ACH-001712","HS860T"
1713,156396,"ACH-001713","HS704"
1714,156397,"ACH-001714","HS707T"
1715,121077,"ACH-001715","CAL72"
1716,127763,"ACH-001716","GOTO"
1717,156398,"ACH-001717","OCIC1P"
1718,156399,"ACH-001718","OCIC2P"
1719,156400,"ACH-001719","OCIC4P"
1720,156401,"ACH-001720","OCIP1A"
1721,156402,"ACH-001721","OCIP2A"
1722,156403,"ACH-001722","OCIP7A"
1723,156404,"ACH-001723","OCID1P"
1724,156405,"ACH-001724","OCICSP"
1725,156406,"ACH-001725","OCIU1A"
1726,156407,"ACH-001726","OCIE1P"
1727,156408,"ACH-001727","OCIEP1P"
1728,156409,"ACH-001728","OCIM1P"
1729,156410,"ACH-001729","OCIE3X"
1730,156411,"ACH-001730","OCIP9A2"
1731,156412,"ACH-001731","FCIP1P"
1732,156413,"ACH-001732","FCIP2P"
1733,156414,"ACH-001733","SNUATRT1"
1734,156415,"ACH-001734","SNUATRT5"
1735,156416,"ACH-001735","SEMK2"
1736,156417,"ACH-001736","HB1119"
1737,129266,"ACH-001737","HSB2"
1738,133,"ACH-001738","CCRFCEM"
1739,NaN,,
1740,974,"ACH-001740","RH28"
1741,156118,"ACH-001741","RMS13"
1742,156418,"ACH-001742","RMS"
1743,156110,"ACH-001743","RC2"
1744,156419,"ACH-001744","NRS1"
1745,156117,"ACH-001745","RHJT"
1746,156420,"ACH-001746","NUTOS"
1747,138618,"ACH-001747","RUCH2"
1748,156421,"ACH-001748","RUCH3"
1749,156422,"ACH-001749","BIRCH"
1750,156139,"ACH-001750","TTC442"
1751,138446,"ACH-001751","RH36"
1752,156423,"ACH-001752","U937GC1A1_ENGINEERED"
1753,156424,"ACH-001753","U937GC3E1_ENGINEERED"
1754,156425,"ACH-001754","U937STAG2A2F11_ENGINEERED"
1755,156426,"ACH-001755","U937STAG2A2G4_ENGINEERED"
1756,156114,"ACH-001756","RDPCDNA1"
1757,156427,"ACH-001757","RDPCDNA2_ENGINEERED"
1758,156112,"ACH-001758","RDP3F7"
1759,156113,"ACH-001759","RDP3F9"
1760,156111,"ACH-001760","RDP3F14"
1761,156428,"ACH-001761","MPNST605"
1762,156429,"ACH-001762","MPNST176"
1763,156430,"ACH-001763","MPNST14"
1764,156431,"ACH-001764","MPNST69"
1765,156116,"ACH-001765","RH4"
1766,NaN,,
1767,155946,"ACH-001767","CCLFPEDS0018T"
1768,156432,"ACH-001768","K562-GC1-1_ENGINEERED"
1769,156433,"ACH-001769","K562-GC1-2_ENGINEERED"
1770,156434,"ACH-001770","K562-SMC3-F9_ENGINEERED"
1771,156435,"ACH-001771","K562-SMC3-H9_ENGINEERED"
1772,156436,"ACH-001772","K562-STAG2-C2_ENGINEERED"
1773,156437,"ACH-001773","K562-STAG2-D5_ENGINEERED"
1774,156438,"ACH-001774","TF1-GC1-1_ENGINEERED"
1775,156439,"ACH-001775","TF1-GC1-2_ENGINEERED"
1776,156440,"ACH-001776","TF1-SMC3-C6_ENGINEERED"
1777,156441,"ACH-001777","TF1-SMC3-D6_ENGINEERED"
1778,156442,"ACH-001778","TF1-STAG2-A10_ENGINEERED"
1779,156443,"ACH-001779","TF1-STAG2-B6_ENGINEERED"
1780,156444,"ACH-001780","U937GC11"
1781,156445,"ACH-001781","U937GC13"
1782,156446,"ACH-001782","U937SMC3H10"
1783,156447,"ACH-001783","U937SMC3H8"
1784,156448,"ACH-001784","U937STAG2A2"
1785,156449,"ACH-001785","U937STAG2E10"
1786,150112,"ACH-001786","SNU1544"
1787,NaN,,
1788,156450,"ACH-001788","BECK10"
1789,NaN,,
1790,156115,"ACH-001790","RH18DM"
1791,156451,"ACH-001791","LPS6"
1792,156452,"ACH-001792","LPS21"
1793,156453,"ACH-001793","LPS27"
1794,156454,"ACH-001794","93T449"
1795,156455,"ACH-001795","94T778"
1796,156456,"ACH-001796","95T1000"
1797,156457,"ACH-001797","LPS26"
1798,156458,"ACH-001798","NRHLS1"
1799,156459,"ACH-001799","LPS141"
1800,156460,"ACH-001800","LPS141239"
1801,156461,"ACH-001801","LPS141266"
1802,156462,"ACH-001802","LPS853"
1803,NaN,,
1804,156463,"ACH-001804","LPS510"
1805,156464,"ACH-001805","LPS407"
1806,156465,"ACH-001806","LPS789"
1807,156466,"ACH-001807","LPS067"
1808,156467,"ACH-001808","LPS695"
1809,156468,"ACH-001809","LPS774"
1810,156469,"ACH-001810","C202"
1811,156470,"ACH-001811","C219"
1812,156471,"ACH-001812","C232"
1813,156472,"ACH-001813","C242"
1814,156473,"ACH-001814","OS252"
1815,156474,"ACH-001815","C387"
1816,156475,"ACH-001816","C389"
1817,156476,"ACH-001817","C393"
1818,156477,"ACH-001818","C396"
1819,133834,"ACH-001819","MFM223"
1820,121808,"ACH-001820","COLO824"
1821,NaN,,
1822,155637,"ACH-001822","HCC1739"
1823,156478,"ACH-001823","M4A4"
1824,156479,"ACH-001824","NM2C5"
1825,156136,"ACH-001825","SW527"
1826,156480,"ACH-001826","RH6"
1827,155754,"ACH-001827","184B5"
1828,156481,"ACH-001828","HCC1739BL"
1829,156482,"ACH-001829","381T"
1830,156483,"ACH-001830","RH3"
1831,156484,"ACH-001831","RH5"
1832,156485,"ACH-001832","TTC516"
1833,156486,"ACH-001833","ICC1"
1834,156487,"ACH-001834","ICC10"
1835,156488,"ACH-001835","ICC106"
1836,156489,"ACH-001836","ICC108"
1837,156490,"ACH-001837","ICC11"
1838,156491,"ACH-001838","ICC12"
1839,156492,"ACH-001839","ICC137"
1840,156493,"ACH-001840","ICC14"
1841,156494,"ACH-001841","ICC15"
1842,156495,"ACH-001842","ICC2"
1843,156496,"ACH-001843","ICC3"
1844,156497,"ACH-001844","ICC4"
1845,156498,"ACH-001845","ICC5"
1846,156499,"ACH-001846","ICC6"
1847,156500,"ACH-001847","ICC7"
1848,156501,"ACH-001848","ICC8"
1849,156502,"ACH-001849","ICC9"
1850,156503,"ACH-001850","G415"
1851,156504,"ACH-001851","GBD1"
1852,156505,"ACH-001852","HKGZCC"
1853,156506,"ACH-001853","KMCH1"
1854,156507,"ACH-001854","MMNK1"
1855,156161,"ACH-001855","OZ"
1856,156508,"ACH-001856","RBE"
1857,156509,"ACH-001857","SG231"
1858,156510,"ACH-001858","SSP25"
1859,NaN,,
1860,156511,"ACH-001860","TGBC14TKB"
1861,152655,"ACH-001861","TGBC1TKB"
1862,156512,"ACH-001862","TGBC52TKB"
1863,156513,"ACH-001863","TKKK"
1864,156514,"ACH-001864","YSCCC"
1865,156515,"ACH-001865","FRM101"
1866,156516,"ACH-001866","FRM134"
1867,156517,"ACH-001867","MELSOE"
1868,126951,"ACH-001868","FM92"
1869,156518,"ACH-001869","MEL1479"
1870,133045,"ACH-001870","MAMEL19"
1871,133052,"ACH-001871","MAMEL32"
1872,156519,"ACH-001872","WM1366"
1873,156520,"ACH-001873","MELLE"
1874,133762,"ACH-001874","MEL624"
1875,156521,"ACH-001875","WM139"
1876,156522,"ACH-001876","GRMEL9"
1877,156523,"ACH-001877","FRM119"
1878,156524,"ACH-001878","FRM204"
1879,156525,"ACH-001879","GRMEL8"
1880,156526,"ACH-001880","FM70"
1881,156527,"ACH-001881","MAMEL6"
1882,156528,"ACH-001882","MAMEL25"
1883,156529,"ACH-001883","UKRVMEL30"
1884,156530,"ACH-001884","UKRVMEL13"
1885,156531,"ACH-001885","MAMEL20"
1886,156532,"ACH-001886","FRM170"
1887,133058,"ACH-001887","MAMEL38"
1888,156533,"ACH-001888","MAMEL7"
1889,156534,"ACH-001889","MAMEL10"
1890,156535,"ACH-001890","GRMEL3"
1891,156536,"ACH-001891","MZMEL3"
1892,133047,"ACH-001892","MAMEL21"
1893,133048,"ACH-001893","MAMEL23"
1894,156537,"ACH-001894","MAMEL47"
1895,156538,"ACH-001895","MAMEL56"
1896,156539,"ACH-001896","MAMEL55"
1897,156540,"ACH-001897","KNUD"
1898,156541,"ACH-001898","UKRVMEL3"
1899,133063,"ACH-001899","MAMEL51"
1900,156542,"ACH-001900","UKRVMEL25"
1901,156543,"ACH-001901","MAMEL71"
1902,156544,"ACH-001902","UKRVMEL17"
1903,156545,"ACH-001903","MAMEL28"
1904,156546,"ACH-001904","MAMEL15"
1905,132751,"ACH-001905","M21"
1906,134730,"ACH-001906","MZMEL5"
1907,134729,"ACH-001907","MZMEL13"
1908,156547,"ACH-001908","MEL1359"
1909,132791,"ACH-001909","M24"
1910,154210,"ACH-001910","WM852"
1911,154205,"ACH-001911","WM75"
1912,126935,"ACH-001912","FM6"
1913,135356,"ACH-001913","NW145"
1914,126916,"ACH-001914","FM28"
1915,126933,"ACH-001915","FM58"
1916,126919,"ACH-001916","FM45"
1917,126940,"ACH-001917","FM72"
1918,126947,"ACH-001918","FM86"
1919,126931,"ACH-001919","FM57"
1920,126943,"ACH-001920","FM78"
1921,126948,"ACH-001921","FM88"
1922,126944,"ACH-001922","FM79"
1923,126941,"ACH-001923","FM74"
1924,126959,"ACH-001924","FM95"
1925,156548,"ACH-001925","UKRVMEL2"
1926,156549,"ACH-001926","MELWL"
1927,126945,"ACH-001927","FM81"
1928,126946,"ACH-001928","FM82"
1929,133051,"ACH-001929","MAMEL30"
1930,126930,"ACH-001930","FM56"
1931,156550,"ACH-001931","UKRVMEL38"
1932,156551,"ACH-001932","ME501"
1933,156552,"ACH-001933","ME15392"
1934,NaN,,
1935,156553,"ACH-001935","MELNT900"
1936,156554,"ACH-001936","MAMEL33"
1937,156555,"ACH-001937","MAMEL1"
1938,156556,"ACH-001938","MELLG"
1939,126949,"ACH-001939","FM9"
1940,156557,"ACH-001940","MELNT200"
1941,156558,"ACH-001941","MELNT300"
1942,154178,"ACH-001942","WM1862"
1943,135533,"ACH-001943","OCM3"
1944,156559,"ACH-001944","MELNT100"
1945,156560,"ACH-001945","MELNT500"
1946,156561,"ACH-001946","MAMEL74"
1947,156562,"ACH-001947","MAMEL52"
1948,156563,"ACH-001948","MAMEL4"
1949,156564,"ACH-001949","MAMEL46"
1950,156565,"ACH-001950","MAMEL65"
1951,133060,"ACH-001951","MAMEL40"
1952,133039,"ACH-001952","MAMEL14"
1953,133050,"ACH-001953","MAMEL27"
1954,156566,"ACH-001954","UKRVMEL31"
1955,155926,"ACH-001955","JHC7"
1956,155927,"ACH-001956","MUGCHOR1"
1957,155925,"ACH-001957","UMCHOR1"
1958,134550,"ACH-001958","MS1LUNG"
1959,156567,"ACH-001959","CCLP1"
1960,121208,"ACH-001960","CCSW1"
1961,156568,"ACH-001961","GB2"
1962,156569,"ACH-001962","JU77"
1963,132226,"ACH-001963","LIM1863"
1964,132227,"ACH-001964","LIM1899"
1965,132228,"ACH-001965","LIM2099"
1966,132229,"ACH-001966","LIM2405"
1967,132233,"ACH-001967","LIM2537"
1968,132234,"ACH-001968","LIM2550"
1969,132235,"ACH-001969","LIM2551"
1970,134278,"ACH-001970","MM253"
1971,134290,"ACH-001971","MM466"
1972,134294,"ACH-001972","MM473"
1973,134295,"ACH-001973","MM485"
1974,134298,"ACH-001974","MM537"
1975,156570,"ACH-001975","MM576"
1976,134304,"ACH-001976","MM603"
1977,135284,"ACH-001977","NO36"
1978,156571,"ACH-001978","NZM1"
1979,156572,"ACH-001979","NZM11"
1980,135402,"ACH-001980","NZM12"
1981,156573,"ACH-001981","NZM2"
1982,135404,"ACH-001982","NZM3"
1983,135405,"ACH-001983","NZM30"
1984,156574,"ACH-001984","NZM4"
1985,135407,"ACH-001985","NZM40"
1986,135408,"ACH-001986","NZM42"
1987,135409,"ACH-001987","NZM43"
1988,156575,"ACH-001988","NZM5"
1989,135412,"ACH-001989","NZM6"
1990,156576,"ACH-001990","NZM7"
1991,156577,"ACH-001991","NZOV9"
1992,156578,"ACH-001992","ONE58"
1993,156579,"ACH-001993","NALM16"
1994,156580,"ACH-001994","ICC16"
1995,156581,"ACH-001995","ICC17"
1996,156582,"ACH-001996","ICC18"
1997,156583,"ACH-001997","ECC2"
1998,156584,"ACH-001998","ICC19"
1999,156585,"ACH-001999","9505BIK"
2000,NaN,,
2001,156586,"ACH-002001","A375_SKIN_CJ1_RESISTANT"
2002,156587,"ACH-002002","A375_SKIN_CJ2_RESISTANT"
2003,156588,"ACH-002003","A375_SKIN_CJ3_RESISTANT"
2004,156589,"ACH-002004","UACC62_SKIN_CJ1_RESISTANT"
2005,149794,"ACH-002005","SKMEL19"
2006,156590,"ACH-002006","SKMEL19_SKIN_CJ1_RESISTANT"
2007,156591,"ACH-002007","SKMEL19_SKIN_CJ2_RESISTANT"
2008,133030,"ACH-002008","MAMEL11"
2009,156592,"ACH-002009","MP38"
2010,156593,"ACH-002010","MP41"
2011,156594,"ACH-002011","MP46"
2012,156595,"ACH-002012","MP65"
2013,156596,"ACH-002013","MM28"
2014,133753,"ACH-002014","MEL270"
2015,156045,"ACH-002015","MEL285"
2016,156597,"ACH-002016","MEL290"
2017,135721,"ACH-002017","OMM1"
2018,135723,"ACH-002018","OMM25"
2019,156598,"ACH-002019","HOKUG"
2020,149741,"ACH-002020","SKGIIIA"
2021,156599,"ACH-002021","T3M3"
2022,156600,"ACH-002022","PMFKO14"
2023,156601,"ACH-002023","TGBC18TKB"
2024,126341,"ACH-002024","ECC4"
2025,156602,"ACH-002025","TT1TKB"
2026,128779,"ACH-002026","HHUA"
2027,156603,"ACH-002027","HOUAI"
2028,156604,"ACH-002028","H111TC"
2029,149072,"ACH-002029","SAS"
2030,156162,"ACH-002030","SA3"
2031,1215,"ACH-002031","TUHR3TKB"
2032,156605,"ACH-002032","TUHR25TKB"
2033,156606,"ACH-002033","HMMME"
2034,156607,"ACH-002034","T3M11"
2035,156608,"ACH-002035","LCAM1"
2036,156609,"ACH-002036","WAHT"
2037,156610,"ACH-002037","TN1"
2038,156611,"ACH-002038","HSKTC"
2039,137436,"ACH-002039","PK8"
2040,128844,"ACH-002040","HMVII"
2041,156612,"ACH-002041","HOTHC"
2042,156613,"ACH-002042","T3M5"
2043,121001,"ACH-002043","CA922"
2044,156614,"ACH-002044","HSQ89"
2045,129029,"ACH-002045","HO1U1"
2046,156615,"ACH-002046","HTMMT"
2047,156616,"ACH-002047","HIRSBM"
2048,156617,"ACH-002048","RMSYM"
2049,156618,"ACH-002049","HGRT"
2050,156619,"ACH-002050","HTST"
2051,132556,"ACH-002051","LU134A"
2052,132559,"ACH-002052","LU139"
2053,156620,"ACH-002053","LU140"
2054,134,"ACH-002054","CCRFHSB2"
2055,156621,"ACH-002055","TL1"
2056,156622,"ACH-002056","ILTMAT"
2057,156623,"ACH-002057","OIH1"
2058,119405,"ACH-002058","ATN1"
2059,136066,"ACH-002059","P30OHK"
2060,156624,"ACH-002060","MY"
2061,156625,"ACH-002061","P2URK562"
2062,156131,"ACH-002062","SLVL"
2063,128492,"ACH-002063","HDMAR2"
2064,156626,"ACH-002064","HTMM"
2065,156627,"ACH-002065","HSPSS"
2066,156628,"ACH-002066","HSSCH2"
2067,135319,"ACH-002067","NOS1"
2068,156629,"ACH-002068","NOS2"
2069,156630,"ACH-002069","HSOS1"
2070,156631,"ACH-002070","HKBMM"
2071,156632,"ACH-002071","FURPNT1"
2072,156633,"ACH-002072","FURPNT2"
2073,132562,"ACH-002073","LU24"
2074,156634,"ACH-002074","LU143"
2075,156635,"ACH-002075","LU138"
2076,156636,"ACH-002076","T3M12"
2077,132561,"ACH-002077","LU165"
2078,132560,"ACH-002078","LU141"
2079,156637,"ACH-002079","HSNB"
2080,156638,"ACH-002080","TN2"
2081,156639,"ACH-002081","KPNNS"
2082,155784,"ACH-002082","NB16"
2083,155788,"ACH-002083","NB69"
2084,156640,"ACH-002084","MMAC"
2085,156002,"ACH-002085","HSSYII"
2086,156641,"ACH-002086","TGBC50TKB"
2087,131744,"ACH-002087","LAN5"
2088,156642,"ACH-002088","A129L"
2089,107522,"ACH-002089","201T"
2090,119847,"ACH-002090","BB65RCC"
2091,121076,"ACH-002091","CAL39"
2092,155948,"ACH-002092","CHSA0011"
2093,155949,"ACH-002093","CHSA0108"
2094,155950,"ACH-002094","CHSA8926"
2095,155953,"ACH-002095","CORL303"
2096,122052,"ACH-002096","CP50MELB"
2097,122054,"ACH-002097","CP66MEL"
2098,122055,"ACH-002098","CP67MEL"
2099,155960,"ACH-002099","CS1"
2100,122495,"ACH-002100","DJM1"
2101,155964,"ACH-002101","EMCBAC1"
2102,155965,"ACH-002102","EMCBAC2"
2103,126597,"ACH-002103","ES1"
2104,126600,"ACH-002104","ES3"
2105,126601,"ACH-002105","ES4"
2106,126602,"ACH-002106","ES5"
2107,126603,"ACH-002107","ES6"
2108,126605,"ACH-002108","ES7"
2109,126606,"ACH-002109","ES8"
2110,126745,"ACH-002110","EW1"
2111,126746,"ACH-002111","EW11"
2112,126747,"ACH-002112","EW12"
2113,126748,"ACH-002113","EW13"
2114,126749,"ACH-002114","EW16"
2115,126750,"ACH-002115","EW18"
2116,126751,"ACH-002116","EW22"
2117,126752,"ACH-002117","EW24"
2118,155771,"ACH-002118","EW3"
2119,155772,"ACH-002119","EW7"
2120,127461,"ACH-002120","GAK"
2121,155969,"ACH-002121","GMEL"
2122,127844,"ACH-002122","GT3TKB"
2123,155970,"ACH-002123","H2369"
2124,155515,"ACH-002124","NCIH2373"
2125,155971,"ACH-002125","NCIH2461"
2126,155972,"ACH-002126","NCIH2591"
2127,155973,"ACH-002127","H2595"
2128,155974,"ACH-002128","H2722"
2129,155975,"ACH-002129","H2731"
2130,155976,"ACH-002130","H2795"
2131,155977,"ACH-002131","H2803"
2132,155978,"ACH-002132","H2804"
2133,155979,"ACH-002133","H2810"
2134,155980,"ACH-002134","H2818"
2135,155981,"ACH-002135","H2869"
2136,155302,"ACH-002136","H290"
2137,NaN,,
2138,155323,"ACH-002138","NCIH513"
2139,128019,"ACH-002139","HA7RCC"
2140,128616,"ACH-002140","HEY"
2141,129267,"ACH-002141","HSC39"
2142,129476,"ACH-002142","HUO3N1"
2143,129778,"ACH-002143","ISTMEL1"
2144,129779,"ACH-002144","ISTSL1"
2145,129780,"ACH-002145","ISTSL2"
2146,156008,"ACH-002146","JHOS3"
2147,130465,"ACH-002147","K2"
2148,130512,"ACH-002148","K5"
2149,130873,"ACH-002149","KGN"
2150,131904,"ACH-002150","LB1047RCC"
2151,131906,"ACH-002151","LB2241RCC"
2152,131908,"ACH-002152","LB2518MEL"
2153,131909,"ACH-002153","LB373MELD"
2154,131910,"ACH-002154","LB647SCLC"
2155,131913,"ACH-002155","LB996RCC"
2156,131914,"ACH-002156","LC1SQ"
2157,131915,"ACH-002157","LC2AD"
2158,132563,"ACH-002158","LU99A"
2159,640,"ACH-002159","M14"
2160,155783,"ACH-002160","MCIXC"
2161,134204,"ACH-002161","MKN28"
2162,134313,"ACH-002162","MMACSF"
2163,134547,"ACH-002163","MRKNU1"
2164,134704,"ACH-002164","MZ1PC"
2165,134705,"ACH-002165","MZ2MEL"
2166,134706,"ACH-002166","MZ7MEL"
2167,156065,"ACH-002167","NCC010"
2168,156066,"ACH-002168","NCC021"
2169,155396,"ACH-002169","NCIH1304"
2170,155438,"ACH-002170","NCIH1688"
2171,155299,"ACH-002171","NCIH250"
2172,817,"ACH-002172","NCIH322M"
2173,155311,"ACH-002173","NCIH378"
2174,155350,"ACH-002174","NCIH720"
2175,155354,"ACH-002175","NCIH740"
2176,155357,"ACH-002176","NCIH748"
2177,155364,"ACH-002177","NCIH835"
2178,155790,"ACH-002178","NY"
2179,135536,"ACH-002179","OCUBM"
2180,135720,"ACH-002180","OMC1"
2181,156090,"ACH-002181","OVCA420"
2182,135851,"ACH-002182","OVCA433"
2183,156091,"ACH-002183","OVMIU"
2184,156100,"ACH-002184","PC3JPC3"
2185,156106,"ACH-002185","PL18"
2186,156107,"ACH-002186","PL4"
2187,138177,"ACH-002187","RCCAB"
2188,138178,"ACH-002188","RCCER"
2189,138179,"ACH-002189","RCCFG2"
2190,138180,"ACH-002190","RCCJF"
2191,138181,"ACH-002191","RCCJW"
2192,138182,"ACH-002192","RCCMF"
2193,138408,"ACH-002193","RERFLCFM"
2194,138445,"ACH-002194","RH1"
2195,1001,"ACH-002195","RXF393"
2196,149114,"ACH-002196","SBC1"
2197,156122,"ACH-002197","SBC3"
2198,149191,"ACH-002198","SCH"
2199,1071,"ACH-002199","SN12C"
2200,150886,"ACH-002200","SW962"
2201,152560,"ACH-002201","TCYIK"
2202,152843,"ACH-002202","TMK1"
2203,NaN,,
2204,156140,"ACH-002204","UCH2"
2205,156153,"ACH-002205","WM1552C"
2206,154186,"ACH-002206","WM278"
2207,154196,"ACH-002207","WM35"
2208,156155,"ACH-002208","YMB1E"
2209,118925,"ACH-002209","ALLPO"
2210,119286,"ACH-002210","ARH77"
2211,119707,"ACH-002211","BALL1"
2212,119828,"ACH-002212","BB30HNC"
2213,119841,"ACH-002213","BB49HNC"
2214,155757,"ACH-002214","BC1"
2215,119876,"ACH-002215","BC3"
2216,119940,"ACH-002216","BE13"
2217,155937,"ACH-002217","BE2M17"
2218,155762,"ACH-002218","CESS"
2219,121805,"ACH-002219","COLO320HSR"
2220,155765,"ACH-002220","CROAP2"
2221,122195,"ACH-002221","CTB1"
2222,122197,"ACH-002222","CTV1"
2223,122327,"ACH-002223","D245MG"
2224,122328,"ACH-002224","D247MG"
2225,122331,"ACH-002225","D263MG"
2226,122338,"ACH-002226","D336MG"
2227,122341,"ACH-002227","D392MG"
2228,122349,"ACH-002228","D423MG"
2229,122352,"ACH-002229","D502MG"
2230,122354,"ACH-002230","D542MG"
2231,122356,"ACH-002231","D566MG"
2232,210,"ACH-002232","DG75"
2233,155961,"ACH-002233","DIFI"
2234,122567,"ACH-002234","DOK"
2235,122626,"ACH-002235","DSH1"
2236,155770,"ACH-002236","EB3"
2237,126730,"ACH-002237","ETK1"
2238,127833,"ACH-002238","GRST"
2239,127994,"ACH-002239","H3118"
2240,128010,"ACH-002240","H9"
2241,128038,"ACH-002241","HAL01"
2242,128229,"ACH-002242","HC1"
2243,128348,"ACH-002243","HCE4"
2244,129028,"ACH-002244","HO1N1"
2245,155998,"ACH-002245","HS445"
2246,155999,"ACH-002246","HS633T"
2247,129698,"ACH-002247","IM9"
2248,129721,"ACH-002248","IMR5"
2249,156009,"ACH-002249","JHU011"
2250,156010,"ACH-002250","JHU022"
2251,156012,"ACH-002251","JHU029"
2252,130256,"ACH-002252","JIYOYEP2003"
2253,156016,"ACH-002253","JSC1"
2254,156017,"ACH-002254","KARPAS1106P"
2255,156018,"ACH-002255","KARPAS231"
2256,130710,"ACH-002256","KARPAS45"
2257,533,"ACH-002257","KINGS1"
2258,131098,"ACH-002258","KMOE2"
2259,131151,"ACH-002259","KNS81FD"
2260,131294,"ACH-002260","KOSC2"
2261,131329,"ACH-002261","KPNYS"
2262,131494,"ACH-002262","KY821"
2263,131508,"ACH-002263","KYSE220"
2264,131510,"ACH-002264","KYSE50"
2265,131911,"ACH-002265","LB771HNC"
2266,131912,"ACH-002266","LB831BLC"
2267,131916,"ACH-002267","LC41"
2268,611,"ACH-002268","LN405"
2269,156035,"ACH-002269","LNZTA3WT4"
2270,133393,"ACH-002270","MCCAR"
2271,133833,"ACH-002271","MFHINO"
2272,133878,"ACH-002272","MHHPREB1"
2273,687,"ACH-002273","ML2"
2274,134240,"ACH-002274","MLMA"
2275,134332,"ACH-002275","MN60"
2276,156059,"ACH-002276","MYM12"
2277,156064,"ACH-002277","NBTU110"
2278,134940,"ACH-002278","NB10"
2279,134942,"ACH-002279","NB12"
2280,134945,"ACH-002280","NB13"
2281,134948,"ACH-002281","NB14"
2282,155785,"ACH-002282","NB17"
2283,155787,"ACH-002283","NB5"
2284,134973,"ACH-002284","NB6"
2285,134975,"ACH-002285","NB7"
2286,287,"ACH-002286","NCIH128"
2287,155337,"ACH-002287","NCIH630"
2288,155789,"ACH-002288","NEC8"
2289,156078,"ACH-002289","NK92MI"
2290,135255,"ACH-002290","NKM1"
2291,135355,"ACH-002291","NTERA2CLD1"
2292,135494,"ACH-002292","OACP4C"
2293,156092,"ACH-002293","P32ISH"
2294,155843,"ACH-002294","PCI15A"
2295,156101,"ACH-002295","PCI30"
2296,156102,"ACH-002296","PCI38"
2297,156103,"ACH-002297","PCI4B"
2298,156104,"ACH-002298","PCI6A"
2299,155792,"ACH-002299","QIMRWIL"
2300,138143,"ACH-002300","RAMOS2G64C10"
2301,155793,"ACH-002301","RF48"
2302,155794,"ACH-002302","RPMI8866"
2303,NaN,,
2304,149896,"ACH-002304","SKMG1"
2305,156130,"ACH-002305","SKN3"
2306,156133,"ACH-002306","STS0421"
2307,156134,"ACH-002307","SUDHL16"
2308,150799,"ACH-002308","SUPB8"
2309,150882,"ACH-002309","SW684"
2310,150884,"ACH-002310","SW872"
2311,152563,"ACH-002311","TE12"
2312,152656,"ACH-002312","TGBC24TKB"
2313,156138,"ACH-002313","TK"
2314,153056,"ACH-002314","TUR"
2315,NaN,,
2316,156152,"ACH-002316","WIL2NS"
2317,154963,"ACH-002317","YT"
2318,135722,"ACH-002318","OMM23"
2319,155753,"ACH-002319","184A1"
2320,155755,"ACH-002320","600MPE"
2321,155984,"ACH-002321","HBL100"
2322,128291,"ACH-002322","HCC2185"
2323,155673,"ACH-002323","HCC2688"
2324,155686,"ACH-002324","HCC3153"
2325,155779,"ACH-002325","LY2"
2326,156040,"ACH-002326","MACLS2"
2327,155782,"ACH-002327","MCF12A"
2328,156058,"ACH-002328","MX1"
2329,149738,"ACH-002329","SKBR5"
2330,149739,"ACH-002330","SKBR7"
2331,155802,"ACH-002331","ZR75B"
2332,127678,"ACH-002332","GISTT1"
2333,155994,"ACH-002333","HCC827GR"
2334,156132,"ACH-002334","SS1A"
2335,155841,"ACH-002335","UCH1"
2336,155775,"ACH-002336","HCET"
2337,156011,"ACH-002337","JHU028"
2338,156039,"ACH-002338","M980513"
2339,156056,"ACH-002339","MOT"
2340,134981,"ACH-002340","NBSUSSR"
2341,NaN,,
2342,155934,"ACH-002342","BB30PBL_MATCHED_NORMAL_TISSUE"
2343,155935,"ACH-002343","BB49EBV_MATCHED_NORMAL_TISSUE"
2344,155936,"ACH-002344","BB65EBV_MATCHED_NORMAL_TISSUE"
2345,121128,"ACH-002345","CAR1"
2346,155957,"ACH-002346","CP50EBV_MATCHED_NORMAL_TISSUE"
2347,155958,"ACH-002347","CP66EBV_MATCHED_NORMAL_TISSUE"
2348,155962,"ACH-002348","DIPG007"
2349,155968,"ACH-002349","GBM001"
2350,155983,"ACH-002350","HA7EBV_MATCHED_NORMAL_TISSUE"
2351,156023,"ACH-002351","L542_MATCHED_NORMAL_TISSUE"
2352,156025,"ACH-002352","LB1047EBV_MATCHED_NORMAL_TISSUE"
2353,156026,"ACH-002353","LB2241EBV_MATCHED_NORMAL_TISSUE"
2354,156027,"ACH-002354","LB2518EBV_MATCHED_NORMAL_TISSUE"
2355,156028,"ACH-002355","LB373EBV_MATCHED_NORMAL_TISSUE"
2356,156029,"ACH-002356","LB647PBL_MATCHED_NORMAL_TISSUE"
2357,156030,"ACH-002357","LB771PBL_MATCHED_NORMAL_TISSUE"
2358,156031,"ACH-002358","LB831EBV_MATCHED_NORMAL_TISSUE"
2359,156032,"ACH-002359","LB996EBV_MATCHED_NORMAL_TISSUE"
2360,156060,"ACH-002360","MZ1B_MATCHED_NORMAL_TISSUE"
2361,156061,"ACH-002361","MZ7B_MATCHED_NORMAL_TISSUE"
2362,156067,"ACH-002362","NCIBL128_MATCHED_NORMAL_TISSUE"
2363,156068,"ACH-002363","NCIBL1395_MATCHED_NORMAL_TISSUE"
2364,156069,"ACH-002364","NCIBL1437_MATCHED_NORMAL_TISSUE"
2365,156070,"ACH-002365","NCIBL1770_MATCHED_NORMAL_TISSUE"
2366,156071,"ACH-002366","NCIBL2009_MATCHED_NORMAL_TISSUE"
2367,156072,"ACH-002367","NCIBL2052_MATCHED_NORMAL_TISSUE"
2368,156073,"ACH-002368","NCIBL2087_MATCHED_NORMAL_TISSUE"
2369,156074,"ACH-002369","NCIBL209_MATCHED_NORMAL_TISSUE"
2370,156075,"ACH-002370","NCIBL2122_MATCHED_NORMAL_TISSUE"
2371,156076,"ACH-002371","NCIBL2126_MATCHED_NORMAL_TISSUE"
2372,156077,"ACH-002372","NCIBL2171_MATCHED_NORMAL_TISSUE"
2373,155986,"ACH-002373","HCC1187_MATCHED_NORMAL_TISSUE"
2374,155988,"ACH-002374","HCC1599_MATCHED_NORMAL_TISSUE"
2375,155989,"ACH-002375","HCC1937_MATCHED_NORMAL_TISSUE"
2376,156036,"ACH-002376","LS1034_MATCHED_NORMAL_TISSUE"
2377,155993,"ACH-002377","HCC38_MATCHED_NORMAL_TISSUE"
2378,155985,"ACH-002378","HCC1143_MATCHED_NORMAL_TISSUE"
2379,156007,"ACH-002379","J82_MATCHED_NORMAL_TISSUE"
2380,155952,"ACH-002380","COLO829_MATCHED_NORMAL_TISSUE"
2381,155991,"ACH-002381","HCC2157_MATCHED_NORMAL_TISSUE"
2382,155987,"ACH-002382","HCC1395_MATCHED_NORMAL_TISSUE"
2383,155992,"ACH-002383","HCC2218_MATCHED_NORMAL_TISSUE"
2384,155990,"ACH-002384","HCC1954_MATCHED_NORMAL_TISSUE"
2385,435,"ACH-002385","HS926T"
2386,156037,"ACH-002386","M00921"
2387,156038,"ACH-002387","M1203273"
2388,156054,"ACH-002388","MET2B"
2389,118757,"ACH-002389","ACN"
2390,155780,"ACH-002390","MC1010"
2391,156141,"ACH-002391","UDSCC2"
2392,156123,"ACH-002392","SC1"
2393,155959,"ACH-002393","CROAP3"
2394,127641,"ACH-002394","GEO"
2395,156003,"ACH-002395","HUH6CLONE5"
2396,156120,"ACH-002396","SARC9371"
2397,156020,"ACH-002397","KMH2THYROID"
2398,156643,"ACH-002398","21PT"
2399,156644,"ACH-002399","21NT"
2400,156645,"ACH-002400","21MT1"
2401,156646,"ACH-002401","21MT2"
2402,156647,"ACH-002402","H16N2"
2403,156648,"ACH-002403","CCLFMELM0001T"
2404,156649,"ACH-002404","CCLFMELM0002T"
2405,156650,"ACH-002405","CCLFMELM0003T"
2406,NaN,,
2407,156651,"ACH-002407","CCLFMELM0005T"
2408,156652,"ACH-002408","CCLFNEURO0003T"
2409,156653,"ACH-002409","CCLFNEURO0006T"
2410,156654,"ACH-002410","CCLFNEURO0007T"
2411,156655,"ACH-002411","CCLFNEURO0008T"
2412,156656,"ACH-002412","CCLFNEURO0009T"
2413,156657,"ACH-002413","CCLFNEURO0010T"
2414,156658,"ACH-002414","CCLFNEURO0011T"
2415,156659,"ACH-002415","CCLFNEURO0013T"
2416,156660,"ACH-002416","CCLFNEURO0014T"
2417,156661,"ACH-002417","CCLFNEURO0015T"
2418,156662,"ACH-002418","CCLFNEURO0017T"
2419,156663,"ACH-002419","CCLFOVPA0001T"
2420,156664,"ACH-002420","CCLFPANC0005T"
2421,156665,"ACH-002421","CCLFPANC0006T"
2422,156666,"ACH-002422","CCLFPANC0008T"
2423,156667,"ACH-002423","CCLFPANC0010T"
2424,156668,"ACH-002424","CCLFPANC0014T"
2425,156669,"ACH-002425","CCLFPANC0020T"
2426,156670,"ACH-002426","CCLFPANC0022T"
2427,NaN,,
2428,NaN,,
2429,NaN,,
2430,NaN,,
2431,156671,"ACH-002431","CCLFPEDS0014T1"
2432,156672,"ACH-002432","CCLFPEDS0017T2"
2433,156673,"ACH-002433","CCLFPEDS0019T"
2434,156674,"ACH-002434","CCLFPEDS0021T"
2435,156675,"ACH-002435","CCLFPEDS0022T"
2436,156676,"ACH-002436","CCLFPEDS0023T"
2437,NaN,,
2438,156677,"ACH-002438","CCLFPEDS0026T"
2439,NaN,,
2440,156678,"ACH-002440","CCLFTHYR0008T"
2441,156679,"ACH-002441","CCLFTHYR0010T"
2442,156680,"ACH-002442","CCLFUPGI0002T1"
2443,156681,"ACH-002443","CCLFUPGI0002T2"
2444,156682,"ACH-002444","CCLFUPGI0003T"
2445,156683,"ACH-002445","CCLFUPGI0004T"
2446,156684,"ACH-002446","CCLFUPGI0005T"
2447,156685,"ACH-002447","CCLFUPGI0006T"
2448,156686,"ACH-002448","CCLFPANC0021T"
2449,156687,"ACH-002449","CCLFNEURO0021T"
2450,156688,"ACH-002450","CCLFNEURO0023T"
2451,156689,"ACH-002451","CCLFNEURO0026T"
2452,156690,"ACH-002452","CCLFNEURO0027T"
2453,156691,"ACH-002453","CCLFNEURO0031T"
2454,156692,"ACH-002454","CCLFNEURO0032T"
2455,156693,"ACH-002455","CCLFNEURO0034T"
2456,156694,"ACH-002456","CCLFNEURO0035T"
2457,156695,"ACH-002457","CCLFNEURO0037T"
2458,156696,"ACH-002458","HT144_SKIN_FV1_RESISTANT"
2459,156697,"ACH-002459","HT144_SKIN_FV3_RESISTANT"
2460,156698,"ACH-002460","HT144_SKIN_FV2_RESISTANT"
2461,156699,"ACH-002461","RVH421_SKIN_FV1_RESISTANT"
2462,156700,"ACH-002462","RPE1SS48_ENGINEERED"
2463,156701,"ACH-002463","RPE1SS77_ENGINEERED"
2464,156702,"ACH-002464","RPE1SS6_ENGINEERED"
2465,156703,"ACH-002465","RPE1SS119_ENGINEERED"
2466,156704,"ACH-002466","RPE1SS111_ENGINEERED"
2467,156705,"ACH-002467","RPE1SS51_ENGINEERED"
2468,156706,"ACH-002468","PSS154"
2469,156707,"ACH-002469","PSS004"
2470,156708,"ACH-002470","PSS089"
2471,156709,"ACH-002471","PSS008"
2472,156710,"ACH-002472","PSS031"
2473,NaN,,
2474,NaN,,
2475,156711,"ACH-002475","HAP1_ENGINEERED"
2476,156712,"ACH-002476","HAP1MLH1KO_ENGINEERED"
2477,NaN,,
2478,156718,"ACH-002478","BC2"
2479,NaN,,
2480,156719,"ACH-002480","CHLA03AA"
2481,156720,"ACH-002481","E006AAHT"
2482,NaN,,
2483,156721,"ACH-002483","HS602"
2484,156722,"ACH-002484","HS769T"
2485,156723,"ACH-002485","MAVER1"
2486,156724,"ACH-002486","MESOV"
2487,134275,"ACH-002487","MM1R"
2488,156725,"ACH-002488","MUGCC1"
2489,NaN,,
2490,155461,"ACH-002490","NCIH1882"
2491,835,"ACH-002491","NCIH676B"
2492,NaN,,
2493,NaN,,
2494,156726,"ACH-002494","UCH11"
2495,156727,"ACH-002495","IOWA1T"
2496,155321,"ACH-002496","NCIH498"
2497,156728,"ACH-002497","NCIH920"
2498,150759,"ACH-002498","SUDHL2"
2499,156729,"ACH-002499","UACC3199"
2500,156730,"ACH-002500","Z138"
2501,156733,"ACH-002501","RMZ"
2502,156734,"ACH-002502","CCA"
2503,392,"ACH-002503","HS257T"
2504,156735,"ACH-002504","UCH17S"
2505,156736,"ACH-002505","UCH7"
2506,156737,"ACH-002506","CCLFNEURO0039T"
2507,156738,"ACH-002507","CCLFNEURO0040T"
2508,154189,"ACH-002508","WM3211"
2509,156739,"ACH-002509","WM4235"
2510,156740,"ACH-002510","M040416"
2511,156741,"ACH-002511","M140325"
2512,156742,"ACH-002512","M1610113"
2513,156743,"ACH-002513","C079"
2514,122311,"ACH-002514","D10"
2515,156744,"ACH-002515","40291"
2516,156745,"ACH-002516","176592"
2517,156746,"ACH-002517","A2780ADR"
2518,156747,"ACH-002518","A2780CIS"
2519,NaN,,
2520,NaN,,
2521,156748,"ACH-002521","HTERTRPE1_ENGINEERED"
2522,150116,"ACH-002522","SNU2292"
2523,156749,"ACH-002523","SNU739"
2524,156750,"ACH-002524","SNU251"
2525,156751,"ACH-002525","SNU333"
2526,156752,"ACH-002526","SNU1327"
2527,150113,"ACH-002527","SNU1684"
2528,156753,"ACH-002528","SNU267"
2529,150109,"ACH-002529","SNU1330"
2530,150126,"ACH-002530","SNU977"
2531,156754,"ACH-002531","SNU2535"
2532,150110,"ACH-002532","SNU1411"
2533,156755,"ACH-002533","SNU482"
2534,156756,"ACH-002534","SNU228"
2535,150118,"ACH-002535","SNU254"
2536,156757,"ACH-002536","SNU484"
2537,156758,"ACH-002537","SNU769B"
2538,150108,"ACH-002538","SNU1235"
2539,150111,"ACH-002539","SNU1460"
2540,150114,"ACH-002540","SNU1746"
2541,156759,"ACH-002541","SNU1967"
2542,150107,"ACH-002542","SNU1181"
2543,156760,"ACH-002543","SNU1406"
2544,150115,"ACH-002544","SNU1750"
2545,156761,"ACH-002545","ML1HUMANLEUKEMIA"
2546,156762,"ACH-002546","2B8"
2547,156763,"ACH-002547","COLO206F"
2548,NaN,,
2549,156764,"ACH-002549","UE6E7T3_MATCHED_NORMAL_TISSUE"
2550,156765,"ACH-002550","EM3"
2551,156766,"ACH-002551","MOLT14"
2552,156767,"ACH-002552","BE2C"
2553,128524,"ACH-002553","HELASF"
2554,156768,"ACH-002554","HEP2"
2555,629,"ACH-002555","LS174T"
2556,156769,"ACH-002556","RKOE6"
2557,154116,"ACH-002557","WIDR"
2558,156770,"ACH-002558","COLO200_MATCHED_NORMAL_TISSUE"
2559,156771,"ACH-002559","HP"
2560,156772,"ACH-002560","HX"
2561,156773,"ACH-002561","SNGP"
2562,156774,"ACH-002562","TGBC2TKB"
2563,156775,"ACH-002563","NCOL1"
2564,156776,"ACH-002564","KP3L"
2565,156777,"ACH-002565","KP3N"
2566,132557,"ACH-002566","LU134B"
2567,131328,"ACH-002567","KPNS19S"
2568,722,"ACH-002568","NC37"
2569,155756,"ACH-002569","B217"
2570,156778,"ACH-002570","OVSAYO"
2571,156779,"ACH-002571","ML3"
2572,155773,"ACH-002572","GA10CLONE20"
2573,267,"ACH-002573","GA10CLONE4"
2574,156780,"ACH-002574","JURLMK2"
2575,156781,"ACH-002575","LAMA87"
2576,156782,"ACH-002576","COLO197_MATCHED_NORMAL_TISSUE"
2577,156783,"ACH-002577","MCCARZ2_MATCHED_NORMAL_TISSUE"
2578,135250,"ACH-002578","NK92"
2579,134260,"ACH-002579","MM1"
2580,156784,"ACH-002580","A3"
2581,156785,"ACH-002581","I21"
2582,156786,"ACH-002582","I92"
2583,156787,"ACH-002583","JKTBETADEL"
2584,130363,"ACH-002584","JRT3T35"
2585,156788,"ACH-002585","JURKATCLONEE61"
2586,134399,"ACH-002586","MOLT17"
2587,156789,"ACH-002587","EFM192B"
2588,156790,"ACH-002588","EFM192C"
2589,156791,"ACH-002589","CORL23R"
2590,156792,"ACH-002590","RERFLCMA"
2591,156793,"ACH-002591","RWPE1_MATCHED_NORMAL_TISSUE"
2592,156794,"ACH-002592","RWPE2_MATCHED_NORMAL_TISSUE"
2593,156795,"ACH-002593","RWPE2W99_MATCHED_NORMAL_TISSUE"
2594,156796,"ACH-002594","MALME3_MATCHED_NORMAL_TISSUE"
2595,156797,"ACH-002595","EW2"
2596,156798,"ACH-002596","MARCUS"
2597,138409,"ACH-002597","RERFLCOK"
2598,156799,"ACH-002598","COLO685"
2599,128350,"ACH-002599","HCE7"
2600,152564,"ACH-002600","TE13"
2601,152565,"ACH-002601","TE2"
2602,152566,"ACH-002602","TE3"
2603,152568,"ACH-002603","TE7"
2604,156800,"ACH-002604","RF1"
2605,150559,"ACH-002605","ST"
2606,156801,"ACH-002606","TDL4"
2607,134595,"ACH-002607","MUTZ1"
2608,156802,"ACH-002608","NAMALWAPNT"
2609,156803,"ACH-002609","HCC1428BL_MATCHED_NORMAL_TISSUE"
2610,156804,"ACH-002610","NCIBL2141_MATCHED_NORMAL_TISSUE"
2611,156805,"ACH-002611","NCIBL2347_MATCHED_NORMAL_TISSUE"
2612,156806,"ACH-002612","WIL2S_MATCHED_NORMAL_TISSUE"
2613,156807,"ACH-002613","AGRON"
2614,137,"ACH-002614","CEMC1"
2615,121219,"ACH-002615","CEMC2"
2616,156808,"ACH-002616","SACC83"
2617,156809,"ACH-002617","COLO699N"
2618,155291,"ACH-002618","NCIH125"
2619,156810,"ACH-002619","NCIH1870"
2620,156811,"ACH-002620","NCIH1881"
2621,156812,"ACH-002621","SBC2"
2622,156813,"ACH-002622","HEYC2"
2623,156814,"ACH-002623","IOSE364"
2624,156815,"ACH-002624","IOSE397"
2625,156816,"ACH-002625","IOSE523"
2626,156817,"ACH-002626","IOSE7516SV40"
2627,725,"ACH-002627","NCIADRRES"
2628,156818,"ACH-002628","HS630T"
2629,154169,"ACH-002629","WM164"
2630,156819,"ACH-002630","RPMI7932"
2631,156820,"ACH-002631","WM1651"
2632,156821,"ACH-002632","WM293A"
2633,35807,"ACH-002633","1205LU"
2634,156822,"ACH-002634","M1203262"
2635,653,"ACH-002635","MDAMB435"
2636,156823,"ACH-002636","PEAZ1"
2637,156824,"ACH-002637","COLO738"
2638,156825,"ACH-002638","TMH1"
2639,129774,"ACH-002639","ISHIKAWA"
2640,156826,"ACH-002640","MESSADX5"
2641,156827,"ACH-002641","MESSAMX2"
2642,156828,"ACH-002642","CARNAVAL"
2643,156829,"ACH-002643","GRANTA452"
2644,156830,"ACH-002644","MEGAL"
2645,156831,"ACH-002645","MHHTALL2"
2646,107362,"ACH-002646","1794"
2647,156832,"ACH-002647","CCC5"
2648,156833,"ACH-002648","CX03"
2649,126420,"ACH-002649","ELF153"
2650,156834,"ACH-002650","ETCC016"
2651,156835,"ACH-002651","FKH1"
2652,156836,"ACH-002652","GFD8"
2653,156837,"ACH-002653","JIH5"
2654,156838,"ACH-002654","JVE015"
2655,156839,"ACH-002655","JVE017"
2656,156840,"ACH-002656","JVE059"
2657,156841,"ACH-002657","JVE109"
2658,156842,"ACH-002658","JVE114"
2659,156843,"ACH-002659","JVE127"
2660,156844,"ACH-002660","JVE187"
2661,156845,"ACH-002661","JVE192"
2662,156846,"ACH-002662","JVE207"
2663,156847,"ACH-002663","JVE222"
2664,156848,"ACH-002664","JVE253"
2665,156849,"ACH-002665","JVE367"
2666,156850,"ACH-002666","JVE371"
2667,156851,"ACH-002667","JVE528"
2668,156852,"ACH-002668","KASUMI3"
2669,156853,"ACH-002669","KP363T"
2670,131741,"ACH-002670","LAN1"
2671,156854,"ACH-002671","LAZ221"
2672,156855,"ACH-002672","MAPACHS77"
2673,156856,"ACH-002673","MCC60"
2674,156857,"ACH-002674","MKPL1"
2675,156858,"ACH-002675","SH2"
2676,156859,"ACH-002676","TK6"
2677,156860,"ACH-002677","U2946"
2678,156861,"ACH-002678","WILL1"
2679,156862,"ACH-002679","WILL2"
2680,156863,"ACH-002680","170MGBA"
2681,156864,"ACH-002681","583MGBA"
2682,156865,"ACH-002682","BLN3"
2683,NaN,,
2684,NaN,,
2685,NaN,,
2686,NaN,,
2687,156866,"ACH-002687","WM3772F"
2688,156867,"ACH-002688","PSS141"
2689,156868,"ACH-002689","PSS050"
2690,156869,"ACH-002690","PSS112"
2691,156870,"ACH-002691","ST8814"
2692,156871,"ACH-002692","908TL"
2693,156872,"ACH-002693","S462"
2694,156873,"ACH-002694","SNF962"
2695,156874,"ACH-002695","STS26T"
2696,156875,"ACH-002696","CCLFNEURO0029T"
2697,156876,"ACH-002697","CCLFNEURO0045T"
2698,156877,"ACH-002698","CCLFNEURO0038T"
2699,156878,"ACH-002699","CCLFNEURO0025T"
2700,156879,"ACH-002700","CCLFNEURO0047T"
2701,156880,"ACH-002701","CCLFNEURO0024T"
2702,156881,"ACH-002702","CCLFNEURO0033T"
2703,156882,"ACH-002703","OANC1"
2704,156883,"ACH-002704","TB471"
2705,156884,"ACH-002705","IS076P"
2706,156885,"ACH-002706","IS076A"
2707,156886,"ACH-002707","IMSM2"
2708,156887,"ACH-002708","DL221"
2709,156888,"ACH-002709","CMS"
2710,156889,"ACH-002710","MPNST724"
2711,156890,"ACH-002711","UMHACC2A"
2712,156891,"ACH-002712","HACAT"
2713,156892,"ACH-002713","CCLFNEURO0054T"
2714,156893,"ACH-002714","CCLFNEURO0055T"
2715,156894,"ACH-002715","CCLFNEURO0056T"
2716,156895,"ACH-002716","MO91"
2717,156896,"ACH-002717","OSUDES76"
2718,156897,"ACH-002718","OSUDES91"
2719,156898,"ACH-002719","OSUDES168"
2720,156899,"ACH-002720","OSUDES236"
2721,156900,"ACH-002721","OSUDES13"
2722,156901,"ACH-002722","OSUDES23"
2723,156902,"ACH-002723","OSUDES157"
2724,156903,"ACH-002724","OSUDES186"
2725,156904,"ACH-002725","OSUDES9"
2726,156905,"ACH-002726","OSUDES93"
2727,156906,"ACH-002727","NH15T"
2728,156907,"ACH-002728","NH48T"
2729,156908,"ACH-002729","NH64T"
2730,156909,"ACH-002730","CCLFUPGI0009T"
2731,156910,"ACH-002731","CCLFUPGI0032T"
2732,156911,"ACH-002732","CCLFAB1049TASC"
2733,156912,"ACH-002733","CCLFUPGI0040T"
2734,156913,"ACH-002734","CCLFCRCRF1001T"
2735,156914,"ACH-002735","CCLFUPGI0051T"
2736,156915,"ACH-002736","CCLFUPGI0052T"
2737,156916,"ACH-002737","CCLFUPGI0058T"
2738,156917,"ACH-002738","PANFR0420"
2739,156918,"ACH-002739","PANFR0350"
2740,156919,"ACH-002740","PANFR0465"
2741,156920,"ACH-002741","PANFR0388"
2742,156921,"ACH-002742","PANFR0233"
2743,156922,"ACH-002743","PANFR0368"
2744,156923,"ACH-002744","PANFR0402"
2745,156924,"ACH-002745","PANFR0069"
2746,156925,"ACH-002746","CCLFUPGI0050T"
2747,156926,"ACH-002747","CCLFUPGI0064T"
2748,156927,"ACH-002748","CCLFUPGI0065T"
2749,156928,"ACH-002749","CCLFNEURO0075T"
2750,156929,"ACH-002750","CCLFLUPA0003T"
2751,156930,"ACH-002751","CCLFUPGI0066T"
2752,156931,"ACH-002752","CCLFNEURO0085T"
2753,156932,"ACH-002753","CCLFUPGI0067T"
2754,156933,"ACH-002754","CCLFNEURO0076T"
2755,156934,"ACH-002755","CCLFMELM0014T"
2756,156935,"ACH-002756","CCLFNEURO0077T"
2757,156936,"ACH-002757","CCLFUPGI0068T"
2758,156937,"ACH-002758","CCLFUPGI0069T"
2759,156938,"ACH-002759","CCLFPANC0072T"
2760,156939,"ACH-002760","CCLFUPGI0070T"
2761,156940,"ACH-002761","CCLFUPGI0071T"
2762,156941,"ACH-002762","CCLFUPGI0062T"
2763,156942,"ACH-002763","CCLFUPGI0072T"
2764,156943,"ACH-002764","CCLFNEURO0078T"
2765,156944,"ACH-002765","CCLFNEURO0079T"
2766,156945,"ACH-002766","CCLFNEURO0080T"
2767,156946,"ACH-002767","CCLFNEURO0081T"
2768,156947,"ACH-002768","CCLFRARE0009T"
2769,156948,"ACH-002769","CCLFNEURO0084T"
2770,156949,"ACH-002770","CCLFMELM0015T"
2771,156950,"ACH-002771","CCLFMELM0016T"
2772,156951,"ACH-002772","CCLFMELM0017T"
2773,156952,"ACH-002773","CCLFMELM0018T"
2774,156953,"ACH-002774","CCLFNEURO0082T"
2775,156954,"ACH-002775","CCLFNEURO0083T"
2776,156955,"ACH-002776","CCLFUPGI0060T"
2777,156956,"ACH-002777","CCLFUPGI0061T"
